0.031946020126342775,-0.5093755489689764,0.12734461212158202
0.03194640350341797,-0.3842345684887906,0.08623416137695313
0.03273477935791016,-0.5884674699559269,0.13676422119140624
0.03200459289550781,0.37813892821851736,-0.00983785629272461
0.03253150177001953,0.42098607091984136,-0.008784801483154296
0.031708412170410157,0.4405675023058555,0.005632226943969727
0.033709354400634765,0.37831055569416167,-0.010089618682861328
0.031939245223999026,0.9765572248852451,-0.04166364669799805
0.03147624588012695,0.3724753353587428,0.033406734466552734
0.03341835403442383,0.37196982546917107,0.03581179428100586
0.03174138069152832,-0.5618822867039909,0.04386777496337891
0.03228757476806641,-0.3410600320532507,0.04695302963256836
0.03184420394897461,0.3062525152964718,0.04773306655883789
0.07198943328857423,0.4153500264897192,-0.012995553970336913
0.07312193298339843,0.38454701169782335,-0.01581003189086914
0.07256664276123047,0.44807767475323845,0.019540962219238282
0.031735614776611326,0.8135357875951963,-0.07759208679199218
0.03225366973876953,-0.562756399135771,0.07354299926757812
0.030656877517700194,-0.9378447751434837,-0.598
0.033373016357421875,-0.9673247822931481,-0.598
0.032004684448242185,-0.37184718562807395,0.07765577697753906
0.03365200424194336,-0.9678785588528546,-0.6025
0.033730121612548826,-0.37226765966247904,0.08213385009765625
0.034148880004882816,-0.3831973663178288,0.09255387115478515
0.07134774017333985,0.9841256816135454,-0.0861529769897461
0.07166605377197266,0.3696652816977134,0.08272931671142578
0.03217744827270508,0.6637543684472541,-0.11466526794433594
0.03153619575500488,-0.8679851449666486,-0.11722660064697266
0.11601119995117187,0.4087656482388361,-0.017690166473388672
0.11696182250976563,0.3917320671407136,-0.02216825294494629
0.11516130828857422,0.45592503087264763,0.03397412872314453
0.03302925491333008,-0.8671014702700305,-0.1225223617553711
0.07320378875732422,-0.5546172421568206,0.10781968688964844
0.07234526062011719,-0.346631796814184,0.11168197631835937
0.07185482788085938,0.29615277148901703,0.1149119644165039
0.03385512924194336,-0.5006707005447675,0.13405696105957032
0.03221151351928711,0.315285231773589,-0.15054884338378907
0.0325849723815918,0.7933533375077164,-0.15703184509277343
0.031864387512207035,-0.4449848512605705,0.14838157653808592
0.03223537445068359,0.18853695599971773,-0.16501271057128905
0.07306613159179688,-0.42679214911480146,0.2649738464355469
0.03303713989257812,0.899592073023855,-0.17220298767089845
0.17209922790527343,0.39946042618658306,-0.02302728271484375
0.17200917053222656,0.4007185849771948,-0.030398109436035155
0.11519776916503906,0.9933700390911946,-0.13561967468261718
0.0322354850769043,-0.5888269276337466,0.165739501953125
0.07156912231445313,0.8172305404812193,-0.16824325561523437
0.17240159606933594,0.4665081054276193,0.05347277450561523
0.07335079956054688,0.8174989669156009,-0.17232035827636719
0.11618649291992188,0.3666368137652251,0.137403564453125
0.03399763488769531,-0.9164840415331859,-0.698
0.039730094909667966,-0.9731204254768763,-0.698
0.07130069732666015,-0.5759937990386957,0.16886940002441406
0.07119514465332032,-0.6946552826172535,0.29178900146484377
0.0316663703918457,0.6452007666948407,0.1821049346923828
0.03998431777954101,-0.9730120531420454,-0.7025
0.03267522048950195,0.6442380894768228,0.18802716064453126
0.07121772766113281,-0.3836672453872303,0.1781184539794922
0.032177745819091795,0.6637408598508957,-0.20974314880371095
0.11530767059326172,-0.5479732135871862,0.17264175415039062
0.0726481704711914,-0.36611908542613814,0.19594976806640624
0.11519124603271484,-0.3526044177884063,0.1811761169433594
0.11583245849609375,0.28688137784590323,0.18901615905761718
0.03211770248413086,0.4480454590276532,0.21905746459960937
0.0319854736328125,-0.5359155770813996,0.23339559936523438
0.0316246395111084,-0.5524097250170725,-0.25203387451171877
0.07136496734619141,0.6708013781779194,-0.24727720642089843
0.17286105346679687,-0.9945578848788506,-0.20072962951660156
0.26033413696289065,0.4143978981194194,-0.043423404693603514
0.26291943359375,0.38527495808136514,-0.03186393165588379
0.07194129180908203,-0.8494004279080163,-0.26222412109375
0.17249168395996095,0.36295287534538795,0.2066328887939453
0.25950515747070313,0.4825639449460544,0.08416759490966796
0.11605819702148437,0.8212794766212029,-0.26960675048828125
0.03216172790527344,-0.7300736080133085,-0.2928209228515625
0.03193446922302246,-0.7680861910381159,-0.2997569885253906
0.03316024398803711,-0.7297544863970874,-0.30182861328125
0.031934894561767575,0.10541353482791485,-0.30860284423828127
0.03823262786865234,-0.8965068765757602,-0.818
0.04740692520141602,-0.977360682804611,-0.818
0.11539076995849609,-0.5884615504586462,0.27902334594726563
0.11589378356933594,-0.5885694295020371,0.2802694091796875
0.038363697052001954,-0.8956947670834456,-0.822
0.1162773666381836,-0.4043746334579211,0.40505850219726564
0.047663448333740234,-0.9773738119460155,-0.8225
0.17146994018554687,-0.5394409792215016,0.25942938232421875
0.11536138153076173,-0.3954503462338778,0.2913618469238281
0.1734442901611328,-0.5391611691385034,0.2624446105957031
0.17151162719726562,-0.36069530809722183,0.2733717041015625
0.07164470672607422,0.308859389802441,-0.32747955322265626
0.17358111572265625,-0.3610183001539726,0.2767701416015625
0.03294247817993164,0.15311679024713634,-0.3356663818359375
0.17130874633789062,0.2754853779704662,0.2828936767578125
0.11503001403808594,-0.347786667966347,0.30997036743164064
0.07385116577148437,0.3085235342227533,-0.33739276123046874
0.11701334381103516,-0.3468836031215851,0.31531826782226563
0.07177918243408203,0.7999903082152086,-0.339128173828125
0.03900868225097656,-0.6997517421029447,1.098
0.03928147506713867,-0.6987145399319828,1.102
0.07141474914550781,-0.45645991057565044,0.3401694946289063
0.07114326477050781,0.18433881817186476,-0.35824935913085937
0.35618325805664064,0.4298748411602006,-0.05792155075073242
0.36079595947265625,0.37069755095427465,-0.04154296875
0.3627047119140625,0.43090699658027565,-0.05808328247070312
0.11665125274658203,-0.7265004324945117,0.4645282287597656
0.07329926300048828,0.1842187965699495,-0.3690295104980469
0.07245783996582031,0.887918672604377,-0.371214111328125
0.3560535888671875,0.5001007971495207,0.11829866027832031
0.3624542236328125,0.5013130418907118,0.12113212585449219
0.03297794723510742,-0.3482240656916955,0.3771951599121094
0.07222724151611327,-0.5930325786696865,0.3775042114257813
0.25838433837890623,-0.9759522977977543,-0.29791339111328125
0.03301664352416992,-0.3496590504908198,0.38652810668945314
0.256728759765625,0.3571488082616835,0.30986407470703126
0.11545759582519531,0.6792182202921261,-0.3966709289550781
0.03215539169311524,-0.42117799923551874,-0.6975
0.17234634399414062,0.8261000723554163,-0.3981470947265625
0.11614435577392578,-0.8248191083220758,-0.42581536865234376
0.03147880935668945,-0.3769984763546022,0.43036614990234373
0.07137580871582032,0.6077943629588719,0.42893667602539065
0.043342678070068356,-0.8787694065381726,-0.958
0.04348912811279297,-0.8781556002047607,-0.962
0.03342764663696289,-0.8782754320791991,0.444427001953125
0.05661466979980469,-0.9807407157518779,-0.9625
0.032024032592773435,0.9211452661867656,0.45140713500976565
0.17200396728515624,-0.6057837070492017,0.4213375244140625
0.07180998992919922,0.6733619402067664,-0.46103692626953124
0.033394405364990234,-0.37739496883592144,0.4568282470703125
0.03166032981872559,-0.1805662770202944,0.4631539916992187
0.17097645568847655,-0.4113123601618661,0.43696218872070314
0.03155673789978027,0.5095266479316152,0.4698478698730469
0.17303579711914063,-0.4118953168075267,0.44241314697265627
0.2613433532714844,-0.5262792805818778,0.3983362731933594
0.03147825050354004,-0.2521116168570363,0.47548492431640627
0.17211614990234375,-0.3250849784944987,0.46308306884765627
0.2617002868652344,-0.37341425869664724,0.42157186889648435
0.49920718383789064,0.34905025296279935,-0.05578424072265625
0.49958670043945314,0.4530997231224719,-0.0772864990234375
0.15219151306152343,-0.7376786441991638,0.598
0.25991354370117187,0.2597092726440385,0.4321485290527344
0.15328309631347656,-0.7379309817435004,0.602
0.501837890625,0.5270386837810971,0.17053982543945312
0.03968927764892578,-0.39587556345520647,-0.8175
0.030291410446166993,0.9725123109677728,1.2975
0.052497024536132815,-0.6612663582055909,1.2975
0.030448745727539063,0.9708509812886533,1.302
0.04001275253295898,-0.3949654028028069,-0.8225
0.3604388122558594,-0.9530911234087862,-0.4157071838378906
0.05280167770385742,-0.6605154168518433,1.302
0.36352056884765627,0.349837204591671,0.44117724609375
0.04858801651000977,-0.8653724458271372,-1.0975
0.04875728988647461,-0.8649115598401429,-1.102
0.06553085327148438,-0.982914081945776,-1.1025
0.03765130996704102,0.499847966313744,-0.598
0.039463054656982424,0.2944304823715552,-0.598
0.059144081115722655,0.1469236964583304,-0.5975
0.05489163970947265,-0.5552870180959312,-0.598
0.062476882934570314,0.10178069001761893,-0.598
0.0657319564819336,-0.7153507558023922,-0.598
0.06638117218017578,-0.7498293230596441,-0.598
0.0761096420288086,-0.5443939667891271,-0.598
0.037928913116455076,0.49992803130901475,-0.602
0.03974674606323242,0.2943525043785309,-0.602
0.0595776252746582,0.14683214346433068,-0.602
0.055295654296875,-0.555133452676092,-0.6025
0.09332743835449218,0.6783268806054394,-0.598
0.06293329620361328,0.10171812738209637,-0.602
0.06616300964355469,-0.7152574098837353,-0.602
0.06689540863037109,-0.7496104534422406,-0.6025
0.0767137680053711,-0.5443563248577012,-0.6025
0.11939159393310547,0.18004754312557963,-0.598
0.03196159362792969,-0.004787057845273258,0.5975
0.037067436218261716,-0.46437321596604564,0.5975
0.039449180603027344,-0.25398635200222325,0.5975
0.04073596954345703,-0.17929644998985056,0.5975
0.11712007904052735,0.8722397456916403,-0.598
0.04356788635253906,-0.37813012486358716,0.5975
0.04009077835083008,0.5095964296976355,0.598
0.04481703186035156,-0.8821501225043565,0.598
0.05091918182373047,-0.3474212907912467,0.598
0.05202975082397461,-0.3494294802437166,0.598
0.13189996337890625,0.29835619051526313,-0.598
0.1273103485107422,0.8079169704199807,-0.598
0.12018634796142579,0.17989589395325764,-0.602
0.030287487030029297,-0.4814525593316072,0.602
0.03731735229492188,-0.4643851687970932,0.602
0.03974978256225586,-0.2539779470749946,0.602
0.040327239990234375,0.5097129603139751,0.602
0.032239917755126954,-0.004616641364540429,0.6025
0.08099021148681641,-0.5267548135300922,0.598
0.04250791549682617,0.9233706936003374,0.602
0.04510454940795899,-0.882313288134529,0.602
0.04109516143798828,-0.17948545650238296,0.6025
0.043895252227783205,-0.378211669733178,0.6025
0.08709835052490235,0.4570010892308878,0.598
0.13275990295410156,0.29822510780144196,-0.602
0.05128349304199219,-0.34745206458800715,0.6025
0.052428489685058595,-0.3493186035061901,0.6025
0.09911962127685547,0.5864264576499455,0.5975
0.11416624450683593,-0.5982611264248267,0.598
0.12561504364013673,-0.4729056400592071,0.598
0.17528688049316407,0.6899067074332883,-0.598
0.1629325408935547,-0.7967786773764778,-0.602
0.12641563415527343,-0.47310189416135884,0.602
0.26273532104492187,0.8340520821511083,-0.604693115234375
0.6584197387695313,0.3232719427248142,-0.07228559112548828
0.35965447998046873,-0.5115142709255843,0.5527122802734376
0.657973876953125,0.478677453471831,-0.1010332260131836
0.033437812805175784,-0.7670403372942054,-0.958
0.04858688735961914,-0.3725708821161322,-0.958
0.03358328247070313,-0.7672398547089605,-0.9625
0.048869686126708986,-0.37196166718766244,-0.9625
0.3596555480957031,-0.3874029035172826,0.5845737915039062
0.26043701171875,-0.6345442676062915,0.6358303833007812
0.03471874618530273,0.3162922862484643,-0.698
0.04400936889648437,0.5007537632341739,-0.698
0.04613064575195312,0.2890355625918822,-0.698
0.06913419342041016,0.14466328329801006,-0.6975
0.06414669036865234,-0.555984532192171,-0.698
0.07303024291992187,0.10065746540861033,-0.698
0.07667835235595703,-0.710780524446755,-0.698
0.077989013671875,-0.7426512495879054,-0.698
0.0349136962890625,0.3162447215699942,-0.702
0.044237308502197266,0.5006074454039541,-0.702
0.04641239929199219,0.2888394223262166,-0.702
0.08898578643798828,-0.5421348058301546,-0.698
0.06959699249267579,0.14475790039076242,-0.702
0.06455715942382813,-0.5559182414117265,-0.7025
0.07344944763183593,0.10057235366245289,-0.702
0.10904283905029297,0.6820241378941582,-0.698
0.6612491455078126,0.5580178795080839,0.23078022766113282
0.0324439582824707,0.14218862987072364,0.6975
0.03354796981811523,-0.4598439277999332,0.6975
0.035072296142578126,-0.4815345974926381,0.6975
0.03726000595092773,-0.004433045049592775,0.6975
0.032758880615234375,0.8653130990723489,0.698
0.04320766830444336,-0.4639385882618605,0.6975
0.04603915786743164,-0.25552542129519945,0.6975
0.047460594177246095,-0.1790004182075736,0.6975
0.050789154052734375,-0.37869380519759016,0.6975
0.046698616027832034,0.5096203733052259,0.698
0.13947926330566407,0.17833398147205728,-0.698
0.05224835205078125,-0.8851182191536809,0.698
0.10966011047363282,0.6822219098161254,-0.702
0.05934941101074219,-0.3463206437519945,0.698
0.06070073699951172,-0.3499546079544044,0.698
0.13681718444824217,0.8652951129075345,-0.698
0.1541385955810547,0.29432797261576193,-0.698
0.03262065124511719,0.14213379862988662,0.702
0.03377484130859375,-0.4597897416325178,0.702
0.035304706573486326,-0.48171423146780945,0.702
0.1487498016357422,0.8111274628938498,-0.698
0.03292803573608399,0.8649816072246309,0.7025
0.043472286224365234,-0.4639988836540336,0.702
0.037529888153076174,-0.004623533808038815,0.7025
0.04634854888916016,-0.25556167821604364,0.702
0.046987159729003906,0.5096084204741784,0.702
0.049397006988525394,0.9247471285000765,0.702
0.1402720184326172,0.17827539362717673,-0.702
0.05253328323364258,-0.8851269466176204,0.702
0.047836250305175784,-0.17876775540259618,0.7025
0.09439157104492188,-0.5235177212639555,0.698
0.05113558959960938,-0.37856907835424664,0.7025
0.05969981002807617,-0.3463663301284428,0.7025
0.0610921630859375,-0.34996868573319373,0.7025
0.1016121826171875,0.45971256049489667,0.698
0.15503306579589843,0.29414949597819995,-0.702
0.3632272033691406,0.24128961849034808,0.6077749633789062
0.1154578857421875,0.5727007371668602,0.698
0.13322824096679686,-0.6004452691394152,0.698
0.146696533203125,-0.4789081620837959,0.698
0.03546092224121094,0.9426169524255809,1.4975
0.06644844055175782,-0.6364804744540085,1.4975
0.03557931137084961,0.94193104965093,1.502
0.06675553131103516,-0.6358525144508166,1.502
0.2567071228027344,-0.2931373378341949,0.7009186401367188
0.49912454223632813,-0.9216256561583899,-0.57960498046875
0.05620265579223633,-0.8514286146365562,-1.2975
0.056424102783203124,-0.8512324364253953,-1.302
0.07832080841064454,-0.984666101358875,-1.3025
0.5002538146972656,0.34058465088701784,0.609220703125
0.2604737854003906,-0.384173628023196,0.8684147338867187
0.030295314788818358,0.5757705656893225,-0.8175
0.033089008331298825,-0.2510793855459705,-0.8175
0.040700538635253906,0.3148940706343719,-0.818
0.0515832405090332,0.5015197310040954,-0.818
0.054155311584472655,0.28241504125664113,-0.818
0.07526567077636719,-0.5570446154968525,-0.818
0.0811365966796875,0.14207284867791808,-0.8175
0.08570259857177734,0.09912252268825768,-0.818
0.03328280258178711,-0.2511376318813925,-0.822
0.0898150863647461,-0.7052770615775219,-0.818
0.04090091323852539,0.31487824736279474,-0.822
0.09187123870849609,-0.7332495700863737,-0.818
0.051851703643798826,0.5017262683354975,-0.822
0.054388763427734375,0.2820460592594789,-0.822
0.10436823272705079,-0.5393072213502556,-0.818
0.07565866088867187,-0.5571642576438138,-0.8225
0.08159455108642578,0.14200003127226668,-0.822
0.03837954711914063,-0.7707022293812216,-1.098
0.08610965728759766,0.09912673463824585,-0.822
0.05739608764648438,-0.3532889165797277,-1.098
0.12781285095214845,0.6864565512105425,-0.818
0.031704853057861325,-0.25352447943234885,0.8175
0.1049075469970703,-0.539172249223157,-0.822
0.03796139144897461,0.14259798587497977,0.8175
0.03931631088256836,-0.459817176225684,0.8175
0.041082244873046875,-0.48184427068050745,0.8175
0.04357505416870117,-0.00426105649884395,0.8175
0.03812366104125976,0.8581838993986711,0.818
0.05058237838745117,-0.46375663961147046,0.8175
0.82020263671875,0.2958564740882723,-0.0888807144165039
0.053951953887939455,-0.25740732813901496,0.8175
0.05554310989379883,-0.17791859213403435,0.8175
0.05464743423461914,0.509582921101277,0.818
0.038522563934326175,-0.7707552012927845,-1.1025
0.06122621917724609,-0.8881538587847977,0.818
0.06954090881347656,-0.34478461009864947,0.818
0.07108025360107421,-0.35064844133759154,0.818
0.8173789672851562,0.5053523398748665,-0.12710295104980468
0.057692222595214844,-0.3528497354160959,-1.1025
0.16355934143066406,0.17649324549073886,-0.818
0.03187497138977051,-0.2533542938855294,0.822
0.03815230178833008,0.1425794400141084,0.822
0.03953574752807617,-0.459932872041125,0.822
0.041307811737060544,-0.4817856448901315,0.822
0.16032260131835938,0.8569319257238077,-0.818
0.03833526992797852,0.8578463362716909,0.8225
0.05085979080200195,-0.46374013332097624,0.822
0.04384504318237305,-0.004307769478812038,0.8225
0.054219242095947265,-0.25731688505075534,0.822
0.05492855834960937,0.5097536758305273,0.822
0.057691837310791014,0.9264658317682241,0.822
0.061524356842041016,-0.8881446759749136,0.822
0.055867683410644534,-0.17792532745946588,0.8225
0.059824241638183596,-0.37924834066720436,0.8225
0.06991505432128907,-0.3446820813701085,0.8225
0.0714511947631836,-0.35080079250157825,0.8225
0.17442727661132812,0.8150499646431973,-0.818
0.16436175537109374,0.1763978694880787,-0.822
0.1190389175415039,0.4633015592852706,0.818
0.13461091613769532,0.5562340617698489,0.818
0.11092514038085938,-0.5196682645932317,0.822
0.1196002197265625,0.46331616830099537,0.822
0.1561035614013672,-0.6030481024501255,0.818
0.13524075317382814,0.5556473105746493,0.822
0.17213885498046874,-0.4860454441479915,0.818
0.8179179077148437,0.5901436742692389,0.2926528015136719
0.362083984375,0.8425704664109759,-0.8313919677734375
0.25913113403320315,-0.7516764338841879,0.9971219482421875
0.4985429077148438,-0.48912134394971596,0.7741656494140625
0.5046970520019531,-0.4881219734376569,0.7839928588867188
0.26507302856445314,-0.7520586209137455,1.0194176635742187
0.03331766891479492,0.9710848773222309,-0.9575
0.035534019470214846,0.5741658506893234,-0.9575
0.03873385238647461,-0.24743344953976534,-0.9575
0.03169418907165528,0.6890215908078454,-0.958
0.032773822784423826,0.6701709517175273,-0.958
0.03491104507446289,-0.7491151129454332,-0.958
0.04774311447143555,0.3127496378807079,-0.958
0.3576550598144531,-0.6659779744770472,0.8795593872070312
0.060494659423828125,0.502772994825802,-0.958
0.06343254089355468,0.274550476855073,-0.958
0.03183553504943848,0.6890392734086966,-0.962
0.032906475067138674,0.6699707512838551,-0.962
0.03347031784057617,0.9713293222035265,-0.962
0.03891580963134766,-0.24745980268631299,-0.962
0.03509823989868164,-0.7490804307626476,-0.9625
0.04789362716674805,0.31272415748055427,-0.962
0.10046544647216797,0.0975972370964815,-0.958
0.10511296844482422,-0.6990431479220512,-0.958
0.06073927688598633,0.5026548704986562,-0.962
0.10788063049316406,-0.7223030535765665,-0.958
0.12235811614990234,-0.5359809571699548,-0.958
0.08858439636230468,-0.558501191282853,-0.9625
0.09555599975585938,0.13891459766482572,-0.962
0.10552440643310547,-0.6988391529388401,-0.962
0.4994278564453125,-0.407158201163169,0.8178111572265625
0.03699921417236328,-0.2516885815016925,0.9575
0.044400936126708986,0.14354742960148076,0.9575
0.04601340103149414,-0.46005615695564367,0.9575
0.03398110580444336,-0.4940995652717751,0.958
0.050970760345458985,-0.0036378168559886054,0.9575
0.04435941314697266,0.8482959104282344,0.958
0.1497447509765625,0.69174873356145,-0.958
0.12287968444824218,-0.5358653372455046,-0.962
0.05918802261352539,-0.4632092378949893,0.9575
0.06304819107055665,-0.25940694190952696,0.9575
0.06399211502075196,0.509475307676354,0.958
0.07155939483642579,-0.891937707693994,0.958
0.08137309265136719,-0.34247729630602836,0.958
0.08322000885009766,-0.3515822420336185,0.958
0.034121494293212894,-0.4940206006958707,0.962
0.037191242218017576,-0.2517621198717563,0.962
0.044621337890625,0.14358078369192764,0.962
0.046248645782470704,-0.4599661122950857,0.962
0.04829265975952148,-0.4819863386152437,0.962
0.044587902069091793,0.8476245028328222,0.9625
0.0594783706665039,-0.46322005236117514,0.962
0.051244049072265624,-0.003736260514791607,0.9625
0.06336161041259766,-0.2594162006104018,0.962
0.06424075317382813,0.5095699816873495,0.962
0.06739580535888672,0.9286031497415026,0.962
0.07186186981201172,-0.8919956125199575,0.962
0.0653122329711914,-0.1769834823184165,0.9625
0.0698631591796875,-0.3798443126177834,0.9625
0.08174625396728516,-0.3424355183156051,0.9625
0.0836060791015625,-0.35161054937317865,0.9625
0.13936976623535155,0.46727445265249473,0.958
0.12964967346191406,-0.5154324848339529,0.962
0.1399788818359375,0.4674030499363679,0.962
0.157167236328125,0.5364190379142203,0.962
0.0639485206604004,-0.8419417095523808,-1.4975
0.5007863159179687,0.21484716721931765,0.8481708984375
0.06410340881347656,-0.8418412298805908,-1.502
0.09110491943359375,-0.9854791215430788,-1.5025
0.3563540344238281,-0.46146738787465447,0.932150390625
0.25723751831054686,-0.7367816885791596,-0.9749375610351563
0.6583676147460937,-0.8839143603669708,-0.775338623046875
0.2604271240234375,-0.734644750060835,-0.9887984619140625
0.36240798950195313,-0.4631632859000733,0.9487548217773437
0.04540935516357422,-0.7748653814623259,-1.298
0.06981668853759766,-0.3301839423828855,-1.298
0.6649263305664063,-0.8823100248219256,-0.7833756713867187
0.04556487274169922,-0.7749647986602449,-1.3025
1.0203639526367188,0.26028382436247044,-0.11530721282958985
1.0188616333007812,0.5402484214178833,-0.16583106994628907
0.663522705078125,0.3295708190683907,0.8100205078125
0.3590171203613281,-0.2500495637738618,1.0012388305664062
1.020035400390625,0.6350322466769934,0.3767187805175781
0.03415585708618164,0.9853753785586854,-1.0975
0.03823490524291992,0.9718575234993408,-1.0975
0.04074237442016602,0.5719533247441839,-1.0975
0.04434315872192383,-0.24365846090374238,-1.0975
0.031151296615600586,-0.9767092345397733,-1.098
0.03613838958740234,0.6846825993011086,-1.098
0.037567192077636716,0.6717368864212389,-1.098
0.04003847885131836,-0.7503207931159219,-1.098
0.054744606018066404,0.3107522059761808,-1.098
0.06936032867431641,0.5038701508794784,-1.098
0.07262893676757813,0.26693878123477693,-1.098
0.03292985916137695,0.9188859155003162,-1.102
0.03624921417236328,0.6847755657648116,-1.102
0.03775910568237305,0.671804125839068,-1.102
0.03838566207885742,0.9719665788530888,-1.102
0.04453738784790039,-0.24353728196421773,-1.102
0.03127751350402832,-0.9766742487930247,-1.1025
0.03431247329711914,0.9855489412545946,-1.1025
0.040204536437988284,-0.7502615222521244,-1.1025
0.05493414306640625,0.31087607904587805,-1.102
0.11521997833251953,0.09592404945005302,-1.098
0.06960341644287109,0.5037098691069554,-1.102
0.1236967010498047,-0.7111954963843287,-1.098
0.14026353454589843,-0.5327633688884479,-1.098
0.10159441375732423,-0.559975563506191,-1.1025
0.10950592041015625,0.13588612024596364,-1.102
0.11565126037597656,0.0960206586813133,-1.102
0.12081739044189453,-0.6926786258714518,-1.102
0.04226651763916016,-0.2502321764704212,1.0975
0.030481895446777343,0.2690183271913258,1.098
0.031080787658691406,-0.16400460507557674,1.098
0.12416945648193359,-0.7108682544320943,-1.102
0.05089426422119141,0.14438241074114097,1.0975
0.03878579330444336,-0.49026695640100404,1.098
0.05273460006713867,-0.4599672886054427,1.0975
0.05837627410888672,-0.0031830323860731723,1.0975
0.050405250549316404,0.8383938816245038,1.098
0.05510433578491211,-0.4822499839172062,1.098
0.06778839111328125,-0.4626758380663067,1.0975
0.07219235229492188,-0.26178083107380795,1.0975
0.0732814712524414,0.5095653143914166,1.098
0.1407935791015625,-0.5326823932012879,-1.102
0.1715771942138672,0.6969210081469283,-1.098
0.08188059997558594,-0.8957054677131454,1.098
0.0932874526977539,-0.34041199888299806,1.098
0.09534139251708984,-0.35247213979148034,1.098
0.03892715835571289,-0.4905132226660784,1.102
0.04245556259155273,-0.25022303160603243,1.102
0.03122041893005371,-0.16363124037369706,1.1025
0.051074535369873046,0.1441717468371153,1.102
0.052947887420654295,-0.4602077112642272,1.102
0.0552615966796875,-0.48243420929731956,1.102
0.0506224136352539,0.8382080245880887,1.1025
0.058651462554931644,-0.0031844971414850226,1.1025
0.06810233306884765,-0.46268741144240033,1.102
0.07249250793457031,-0.26169833756683236,1.102
0.07352541351318359,0.5094953049524239,1.102
0.07717237854003907,0.9307513960174532,1.102
0.07475141906738281,-0.1760548611825102,1.1025
0.08218536376953126,-0.8957497121607689,1.102
0.07999488067626953,-0.3804674914885563,1.1025
0.09574502563476563,-0.35241434880200295,1.1025
0.15972251892089845,0.47132448921184456,1.098
0.148336181640625,-0.5112913411401742,1.102
0.16031654357910155,0.47142732150434863,1.102
0.3186918029785156,-0.7547436441674683,1.2185
0.36928860473632813,-0.37991838222478264,1.2185
0.08208753967285157,-0.30925592022925563,-1.498
0.052600135803222654,-0.7787352907550643,-1.5025
0.6609373168945313,-0.46261193785207166,1.0377445068359374
0.24388970947265626,0.1702401503873491,-1.2185
0.26904949951171875,0.2735661517319357,-1.2155
0.2602279357910156,0.8279675219654886,-1.2185
0.2554305877685547,-0.5110388138683607,1.2155
0.3119823913574219,-0.6982782426260006,-1.2155
0.35561669921875,0.7252114999071395,-1.2155
0.8212017822265625,-0.8424376571771145,-0.9883563232421875
0.040285575866699216,0.9888804798587544,-1.2975
0.0452353515625,0.972805098410194,-1.2975
0.030892221450805665,0.85072267664034,-1.298
0.048157878875732425,0.5690003683475197,-1.2975
0.03682177734375,-0.9772936710597541,-1.298
0.052402671813964845,-0.23807920190746976,-1.2975
0.04245039367675781,0.678392981658407,-1.298
0.04442983245849609,0.6740693201318074,-1.298
0.047341232299804685,-0.751228069910672,-1.298
0.06474916076660156,0.3079362328178707,-1.298
0.08204566192626953,0.5054102067553347,-1.298
0.08573873138427734,0.25632419294588477,-1.298
0.038864845275878905,0.9141944862324067,-1.302
0.04259105682373047,0.6780276424288021,-1.302
0.04457989883422851,0.6743460186841836,-1.302
0.04540792465209961,0.9731561701335326,-1.302
0.03097496223449707,0.8501783864544807,-1.3025
0.03695947265625,-0.9774921260006383,-1.3025
0.05258292388916016,-0.23785760021439825,-1.302
0.04047803115844727,0.9889957582737461,-1.3025
0.047504554748535155,-0.7511734283973119,-1.3025
0.8192728271484375,0.3188855193488412,1.0016903076171875
0.11968000030517578,-0.5619472114466014,-1.298
0.06497988891601562,0.30800929686924217,-1.302
0.08230941009521485,0.5054255746809673,-1.302
0.42909768676757815,-0.2163709065321567,1.2215
0.13631340026855468,0.09373709876880572,-1.298
0.08604732513427735,0.25612082406334763,-1.3025
0.12003600311279297,-0.5620442380783109,-1.302
0.03168534851074219,-0.6419214410923361,1.2975
0.12941758728027344,0.13158888775690242,-1.302
0.16583152770996093,-0.528129161427585,-1.298
0.04985005187988281,-0.24810388952504517,1.2975
0.03599489593505859,0.26730313388150173,1.298
0.03676597213745117,-0.16253427404749762,1.298
0.045626083374023435,-0.48541835689119356,1.298
0.060056102752685546,0.14529417459072075,1.2975
0.0622696418762207,-0.4602255835925554,1.2975
0.142537109375,-0.6839752952670585,-1.302
0.06896421813964844,-0.002464490704628768,1.2975
0.14659605407714843,-0.6942828855255062,-1.302
0.09671435546875,-0.9007119963747647,1.298
0.16634771728515624,-0.5279789352113401,-1.302
0.03178814697265625,-0.6415628561609104,1.302
0.045768192291259766,-0.48532626317388455,1.302
0.11269322204589843,-0.35388815184291017,1.298
0.0500079231262207,-0.24808859749040343,1.302
0.036894573211669925,-0.16289959430435483,1.3025
0.060289134979248045,0.14529411767247766,1.302
0.06249097442626953,-0.46035459827687786,1.302
0.06529450225830079,-0.48280785859041464,1.302
0.059235820770263674,0.8243998864890186,1.3025
0.06921392059326172,-0.0023883544021521424,1.3025
0.08040760803222656,-0.4619826497565412,1.302
0.08558221435546876,-0.2647166740520518,1.302
0.08679934692382812,0.5095767739310241,1.302
0.09104705047607421,0.9339987715128403,1.302
0.08820503997802734,-0.17449488392157467,1.3025
0.09696365356445312,-0.9007585175521116,1.302
0.09441765594482422,-0.3814510387290381,1.3025
0.11055954742431641,-0.3368142346831892,1.302
0.1130437240600586,-0.3538990422000868,1.302
0.46030072021484375,-0.4911778759633114,1.2245
0.17508070373535156,-0.505455893131783,1.302
0.4919312133789063,-0.7123567044342216,1.2245
0.39312738037109374,-0.7568602439002645,1.4985
0.7646817016601563,-0.4449442875259997,1.2145
0.39562106323242185,-0.7568643420137665,1.5045
0.4577761535644531,-0.37822392612818867,1.5015
0.030752597808837892,-0.4113428683401589,-1.4975
0.046508419036865235,0.9921814343936308,-1.4975
0.030473569869995117,0.7004253505370894,-1.498
0.03107322311401367,-0.14068086561144333,-1.498
0.03204338836669922,-0.34086912826594884,-1.498
0.052246578216552736,0.9742052871900466,-1.4975
0.03556436920166016,0.8514555559382824,-1.498
0.0556427001953125,0.5659379391966584,-1.4975
0.04251627349853516,-0.9781790153581692,-1.498
0.06051417541503906,-0.2324156090476952,-1.4975
0.04880562591552735,0.6719492294134355,-1.498
0.05128808212280273,0.6765193848780817,-1.498
0.05463689422607422,-0.7523278062580349,-1.498
0.07482506561279297,0.3050650679365174,-1.498
0.030616477966308595,0.7003145496905537,-1.502
0.04484153747558594,0.9093211462596027,-1.502
0.04891516494750976,0.6719252478603496,-1.502
0.03084507942199707,-0.41148288721814413,-1.5025
0.03115496826171875,-0.14093688386883266,-1.5025
0.03214287185668945,-0.3404525246720735,-1.5025
0.03289043807983399,0.4284053259602723,-1.5025
0.05147005081176758,0.6768118687565399,-1.502
0.052403656005859375,0.9739622083465849,-1.502
0.03571500396728516,0.8514242888500818,-1.5025
0.04266167831420899,-0.9781887294049888,-1.5025
0.046659343719482424,0.9923401224553474,-1.5025
0.06069139099121094,-0.23242985758121373,-1.502
0.05480879592895508,-0.7522693701951358,-1.5025
0.07502557373046875,0.3051374489689718,-1.502
0.09503786468505859,0.5070869802510775,-1.502
0.09921282958984375,0.24561842163157294,-1.5025
0.1574636993408203,0.09151214567392636,-1.498
0.16374617004394532,-0.6755898720230338,-1.498
0.031067348480224608,0.19861486217457613,1.4975
0.13857041931152345,-0.5640714382239708,-1.502
0.03657143783569336,-0.6397801008965462,1.4975
0.041513999938964846,0.2658789256030679,1.498
0.05742193603515625,-0.24594592920227504,1.4975
0.04246157455444336,-0.16154194242483325,1.498
0.1493082275390625,0.1274241135058702,-1.502
0.06748644256591797,0.8103218800267422,1.4975
0.06926464080810547,0.1461815584595131,1.4975
0.07183941650390625,-0.46053715405519413,1.4975
0.07952968597412109,-0.0015248169056182768,1.4975
0.16416046142578125,-0.6753380657156326,-1.502
0.16861027526855468,-0.6777457832890529,-1.502
0.10463477325439453,0.9373873042510744,1.498
0.1085476303100586,-0.3824990174206904,1.498
0.11146553802490235,-0.9057406852056912,1.498
0.036654125213623046,-0.639665733173444,1.502
0.031207805633544923,0.19852830849959394,1.5025
0.05266820526123047,-0.4799198269363609,1.502
0.05762257766723633,-0.24578469879236733,1.502
0.04258494567871094,-0.16120591609041632,1.5025
0.06946488952636719,0.1462756158562085,1.502
0.13005775451660156,-0.3553868091832971,1.498
0.07206098937988281,-0.4604579618063174,1.502
0.07527667236328126,-0.48312572800528797,1.502
0.06768974304199218,0.8098439944578136,1.5025
0.07977828979492188,-0.001605104089551435,1.5025
0.09271719360351563,-0.4612548172094855,1.502
0.09859566497802734,-0.26772926179471973,1.502
0.10009420776367188,0.5095052087267204,1.502
0.10492436981201173,0.9372860656693767,1.502
0.10883299255371094,-0.38244319959697326,1.502
0.10170982360839843,-0.17299567637150456,1.5025
0.1117698745727539,-0.9058479950666511,1.502
0.12749250793457031,-0.3334471411498499,1.502
0.13041050720214845,-0.35537667773602827,1.502
0.29113839721679685,0.8109296150808918,-1.4955
0.291082763671875,0.8107250129697545,-1.4985
0.3002703552246094,0.16595972775274517,-1.4985
0.33070327758789064,0.26234016664858895,-1.4955
0.3190320129394531,0.8371800811180018,-1.4985
0.2859392395019531,-0.6172128143693656,1.4985
0.3144979248046875,-0.5293934294429543,1.4985
0.3718453979492187,-0.6525020871356028,-1.4985
0.4386356201171875,0.741930361066506,-1.5045
0.9812850341796875,-0.7969744002416941,-1.2255
0.9949087524414062,0.30643505210204036,1.2255
0.5112623291015626,-0.1736791126889551,1.5015
0.555611572265625,-0.5184710083227192,1.4985
0.5890963134765625,-0.7482958696999855,1.4955
0.651271240234375,0.8668747838805769,-1.4955
0.6527158203125,0.8669630451028516,-1.4985
0.8471306762695312,0.1404807885006312,1.4945
0.893970947265625,-0.46534109171693183,1.4975
0.8987775268554687,-0.4657045716172627,1.5025
0.47590322875976565,-0.7579051869522857,1.8045
0.5502832641601563,-0.3772366222836633,1.7985
0.9308319702148438,-0.4157958101695487,1.5055
0.2796728515625,0.7231474167399616,-1.7955
0.24079061889648437,-0.49184419886234154,1.7955
0.261269775390625,0.49214313347501576,1.7985
0.3471582946777344,0.7906534396198012,-1.7955
0.27136236572265626,0.42047570400685985,1.7985
0.36002847290039064,0.1614555025863372,-1.7985
0.3826958312988281,0.8470353610714132,-1.7985
0.3431603088378906,-0.6234889993066995,1.7985
0.3977703247070313,0.24994426502415742,-1.8015
0.39770443725585936,0.24982240306571576,-1.8045
0.3749609375,-0.548919498351196,1.7985
0.4255802917480469,-0.6031218305476662,-1.8015
0.4267887573242187,-0.6026594267408564,-1.8045
0.5227396850585937,0.7590085660672059,-1.8015
0.5846488037109375,-0.12620808370151407,1.7985
0.6536329956054687,-0.5472600280013507,1.7955
0.783395263671875,0.877956310462978,-1.7945
0.7808978271484375,0.8780353888753685,-1.7975
0.995917724609375,0.10478513845152598,1.8025
0.5672999877929688,-0.7581047802580316,2.1455
0.659681396484375,-0.37668720945592654,2.1485
0.2734864501953125,-0.5078452830309305,-2.1485
0.33249295043945315,0.7361332759539531,-2.1455
0.2875931701660156,-0.4824129598199018,2.1455
0.3070852966308594,0.372594863669218,2.1455
0.2878875732421875,-0.48235524472141517,2.1485
0.30787899780273437,0.37226451018636175,2.1485
0.31194955444335937,0.5028571199890793,2.1485
0.4126756591796875,0.7665638177631109,-2.1515
0.43126510620117187,0.1560194878351579,-2.1545
0.45704498291015627,0.858630897334353,-2.1515
0.4575638732910156,0.8587229531061666,-2.1545
0.4093666687011719,-0.6309452132596394,2.1545
0.4735635986328125,0.23570362416864393,-2.1545
0.4755715026855469,-0.5450443905255893,-2.1545
0.444892822265625,-0.5723491342065862,2.1515
0.444620361328125,-0.5725546849551082,2.1545
0.6174287109375,0.7787033406479469,-2.1455
0.7619616088867187,-0.5813323128394731,2.1475
0.7872605590820313,-0.8346737052565703,2.1445
0.7868255004882813,-0.8352334772045481,2.1475
0.9425179443359375,0.8913394590136917,-2.1555
0.674605224609375,-0.7577195575888429,2.5455
0.7829802856445313,-0.3764612060853899,2.5445
0.25291065979003907,0.10537596878747978,-2.5455
0.7840267944335938,-0.37648886835152845,2.5475
0.27439190673828123,-0.6305726643859105,-2.5455
0.2530637512207031,0.10527412307785582,-2.5485
0.26836270141601565,0.08011974113417744,-2.5485
0.2754977111816406,-0.6305170742351658,-2.5485
0.2772127380371094,-0.5914952169240028,-2.5485
0.32429129028320314,-0.4982035223800727,-2.5485
0.39226895141601564,0.7512128917125164,-2.5485
0.33980511474609376,-0.4712879097542896,2.5485
0.39292559814453126,0.7513474464391656,-2.5515
0.3933026123046875,0.751469327370355,-2.5545
0.36960772705078127,0.5147445709480465,2.5485
0.4839217224121094,0.7392633239775975,-2.5545
0.5112492980957031,0.1499561486678345,-2.5545
0.5135299682617187,-0.47864296101652243,-2.5545
0.5586211547851563,0.219646779094581,-2.5485
0.48530377197265623,-0.6392260207728767,2.5545
0.5409028930664063,0.8720217108751354,-2.5545
0.5196796875,-0.5992086633901844,2.5515
0.880107421875,-0.6192940489004592,2.5445
0.8854843139648437,-0.8888503104071667,2.5475
0.8726292724609375,-0.6201370080805251,2.5525
0.8860621948242188,-0.8899250786185636,2.5555
0.7801311645507812,-0.7568545520759562,2.9445
0.2730005798339844,-0.5793258688797911,-2.9485
0.31063153076171873,0.07576762997240995,-2.9455
0.31584039306640627,-0.6137297214566223,-2.9455
0.2930995178222656,0.09672552471728478,-2.9485
0.31063995361328123,0.07575153633917811,-2.9485
0.31378817749023435,-0.5583996870826876,-2.9485
0.25572454833984376,-0.36585824809083445,2.9455
0.24943020629882812,-0.3088601107668534,2.9485
0.3748770751953125,-0.48870766215898553,-2.9485
0.9132290649414062,-0.37643733836879023,2.9445
0.9103720092773437,-0.376561306302226,2.9525
0.39091915893554685,-0.45998868986484215,2.9485
0.4519295959472656,0.7663485150222739,-2.9515
0.4273366394042969,0.5266724338596028,2.9545
0.549303955078125,0.7126783304531384,-2.9455
0.58933154296875,0.1439793062572502,-2.9485
0.5582578735351562,-0.6472283462954544,2.9485
0.6219924926757813,0.8850223688323284,-2.9485
0.5909486083984375,-0.6257483120476536,2.9455
0.6419483032226563,0.20334841094236733,-2.9485
0.8297219848632813,0.8243090449730575,-2.9445
0.10787791442871093,-0.47607040821113256,-0.958
0.1287521514892578,-0.2073614885892083,-0.958
0.07119340515136718,0.055466239729633354,-0.41186859130859377
0.07177510070800781,0.3002136225145527,0.3572904357910156
0.03402264785766602,-0.534488674672793,0.8225
0.034018913269042966,-0.5343120004462621,0.8225
0.2778387756347656,0.604624282437592,2.5455
0.31016021728515625,0.6322344114654793,2.9485
