measurement_id,x,y,z,var_r,var_z
0,-37.2052498,-23.0152416,-1497.5,0.000833333354,0
1,-37.3237076,-23.085804,-1502.5,0.000833333354,0
2,-36.9139481,-61.5103683,-1502,0.000833333354,0
3,56.2902031,-45.7108536,-1497.5,0.000833333354,0
4,52.775589,-24.8342209,-1502.5,0.000833333354,0
5,52.6126251,-24.7724991,-1498,0.000833333354,0
6,66.4214325,-5.47021818,-1497.5,0.000833333354,0
7,133.023529,10.7485666,-1502,0.000833333354,0
8,132.654663,10.8093309,-1498,0.000833333354,0
9,78.3605957,82.5200729,-1502,0.000833333354,0
10,110.047081,132.016083,-1498,0.000833333354,0
11,78.1576614,82.3263626,-1498,0.000833333354,0
12,-95.7749023,-43.6090279,-1502,0.000833333354,0
13,-86.8855667,-144.519379,-1498,0.000833333354,0
14,93.9048004,-60.0880585,-1498,0.000833333354,0
15,94.162941,-60.2028999,-1502,0.000833333354,0
16,174.532516,-18.6092739,-1502,0.000833333354,0
17,68.3299179,71.0726166,-1298,0.000833333354,0
18,-82.7011871,-39.0706406,-1302,0.000833333354,0
19,-32.2076569,-20.1179867,-1297.5,0.000833333354,0
20,-32.3226814,-20.2064381,-1302.5,0.000833333354,0
21,-31.7338753,-53.6431694,-1302,0.000833333354,0
22,48.3717728,-40.2888031,-1297.5,0.000833333354,0
23,80.9672012,-53.3742867,-1302.5,0.000833333354,0
24,45.9034233,-21.4247036,-1302.5,0.000833333354,0
25,45.7609901,-21.331665,-1298,0.000833333354,0
26,57.6721497,-4.51660156,-1297.5,0.000833333354,0
27,115.492821,11.8008232,-1302,0.000833333354,0
28,115.153381,11.8245754,-1298,0.000833333354,0
29,97.5268707,112.897438,-1298,0.000833333354,0
30,13.9268122,159.944809,-1298,0.000833333354,0
31,13.8331976,160.438599,-1302,0.000833333354,0
32,-90.4551849,143.834106,-1298,0.000833333354,0
33,-147.702164,-68.4062576,-1302,0.000833333354,0
34,-124.673378,-106.113037,-1298,0.000833333354,0
35,-115.279045,-117.165268,-1302,0.000833333354,0
36,-72.8907242,-127.000954,-1298,0.000833333354,0
37,151.698334,-15.2852125,-1302,0.000833333354,0
38,151.234146,-15.2413645,-1298,0.000833333354,0
39,49.1652184,-3.59783792,-1102.5,0.000833333354,0
40,98.0593033,12.1493568,-1102.5,0.000833333354,0
41,58.5931587,60.2336617,-1102.5,0.000833333354,0
42,58.3733482,59.978138,-1098,0.000833333354,0
43,-69.8237381,-34.1236649,-1102,0.000833333354,0
44,-27.221571,-17.1909657,-1097.5,0.000833333354,0
45,-69.4802017,-33.9768944,-1097.5,0.000833333354,0
46,-27.351017,-17.2657356,-1102.5,0.000833333354,0
47,-26.5914154,-45.7139511,-1102,0.000833333354,0
48,-26.5083942,-45.5516624,-1097.5,0.000833333354,0
49,40.5986595,-34.6579475,-1097.5,0.000833333354,0
50,67.9563293,-46.1351967,-1102.5,0.000833333354,0
51,39.0580101,-18.0020027,-1102.5,0.000833333354,0
52,38.9155617,-17.9405861,-1098,0.000833333354,0
53,48.9503212,-3.59482026,-1097.5,0.000833333354,0
54,84.6642914,94.5910873,-1102,0.000833333354,0
55,84.343338,94.2483673,-1098,0.000833333354,0
56,17.3315163,135.305786,-1098,0.000833333354,0
57,-72.4836807,125.586914,-1102,0.000833333354,0
58,-125.649803,-57.3982658,-1102,0.000833333354,0
59,-106.085976,-89.6697311,-1098,0.000833333354,0
60,-100.324112,-97.09198,-1102,0.000833333354,0
61,-111.199783,-126.809723,-1098,0.000833333354,0
62,-59.6185989,-108.914101,-1098,0.000833333354,0
63,159.396423,-62.2664948,-1098,0.000833333354,0
64,159.95459,-62.4319725,-1102,0.000833333354,0
65,128.79628,-12.2430887,-1102,0.000833333354,0
66,128.307083,-12.2092333,-1098,0.000833333354,0
67,43.0258102,-3.03434563,-962.5,0.000833333354,0
68,85.8264923,11.9651356,-962.5,0.000833333354,0
69,85.4312439,11.9384346,-958,0.000833333354,0
70,51.5175934,52.5368576,-962.5,0.000833333354,0
71,51.3253784,52.2864571,-958,0.000833333354,0
72,-60.8064079,-30.424612,-962,0.000833333354,0
73,-60.5071449,-30.3268185,-957.5,0.000833333354,0
74,-23.0774422,-40.1612892,-962,0.000833333354,0
75,-18.8535271,-30.8111362,-957.5,0.000833333354,0
76,-18.626461,-30.9544945,-957.5,0.000833333354,0
77,-22.9484692,-39.9673309,-957.5,0.000833333354,0
78,35.4082108,-30.7703571,-962,0.000833333354,0
79,35.247982,-30.6020603,-957.5,0.000833333354,0
80,58.6304665,-40.666523,-957.5,0.000833333354,0
81,58.9676399,-40.8685837,-962.5,0.000833333354,0
82,34.2380638,-15.6830482,-962.5,0.000833333354,0
83,34.0680733,-15.5983009,-958,0.000833333354,0
84,42.8013229,-2.97564292,-957.5,0.000833333354,0
85,75.007019,81.7961731,-962,0.000833333354,0
86,74.730484,81.4352417,-958,0.000833333354,0
87,18.6798191,117.907181,-958,0.000833333354,0
88,-60.5032005,111.796722,-962,0.000833333354,0
89,-110.151176,-49.8159409,-962,0.000833333354,0
90,-88.9358521,-83.0775986,-958,0.000833333354,0
91,-92.9849472,-78.2375183,-958,0.000833333354,0
92,-89.263649,-83.4856415,-962,0.000833333354,0
93,-94.3721619,-113.721413,-958,0.000833333354,0
94,-50.7415962,-95.9055862,-958,0.000833333354,0
95,-50.9971428,-96.2915649,-962,0.000833333354,0
96,138.854462,-56.4561348,-958,0.000833333354,0
97,112.753685,-10.300106,-962,0.000833333354,0
98,112.282005,-10.2116013,-958,0.000833333354,0
99,36.8912239,-2.45625973,-822.5,0.000833333354,0
100,73.6342621,11.3749218,-822.5,0.000833333354,0
101,73.22332,11.356823,-818,0.000833333354,0
102,44.4007645,44.9032135,-822.5,0.000833333354,0
103,44.1662216,44.6563072,-818,0.000833333354,0
104,64.7396698,68.8968582,-818,0.000833333354,0
105,-51.8309708,-26.5947418,-822,0.000833333354,0
106,-51.537384,-26.4181767,-817.5,0.000833333354,0
107,-19.6123123,-34.5105247,-822,0.000833333354,0
108,-42.5155182,-83.0585938,-822,0.000833333354,0
109,-19.5116043,-34.3470459,-817.5,0.000833333354,0
110,-42.2596893,-82.6166916,-817.5,0.000833333354,0
111,30.1307507,-26.6497269,-822,0.000833333354,0
112,49.768528,-35.2292709,-817.5,0.000833333354,0
113,29.9581432,-26.5413551,-817.5,0.000833333354,0
114,50.0654259,-35.4483681,-822.5,0.000833333354,0
115,29.4154568,-13.3500652,-822.5,0.000833333354,0
116,29.2485523,-13.2779188,-818,0.000833333354,0
117,36.6882896,-2.44589281,-817.5,0.000833333354,0
118,96.1649857,-8.35011387,-817.5,0.000833333354,0
119,-48.995285,96.8712082,-818,0.000833333354,0
120,-49.2792625,97.2858887,-822,0.000833333354,0
121,-112.072754,116.114128,-818,0.000833333354,0
122,-77.4427261,-69.8500137,-818,0.000833333354,0
123,-79.8791046,-66.8465042,-818,0.000833333354,0
124,-77.7792282,-70.2125473,-822,0.000833333354,0
125,-78.3447037,-99.7347412,-818,0.000833333354,0
126,15.2572098,-164.345871,-818,0.000833333354,0
127,15.2578039,-165.129059,-822,0.000833333354,0
128,118.517853,-49.9835968,-818,0.000833333354,0
129,163.877335,-52.6397896,-822,0.000833333354,0
130,31.6781197,-2.0437963,-702.5,0.000833333354,0
131,63.1555939,10.645628,-702.5,0.000833333354,0
132,62.7536087,10.6300249,-698,0.000833333354,0
133,38.2254219,38.4345627,-702.5,0.000833333354,0
134,56.249752,58.7169304,-702.5,0.000833333354,0
135,37.9725723,38.2195396,-698,0.000833333354,0
136,55.9444389,58.3422241,-698,0.000833333354,0
137,18.6440258,86.1982727,-702.5,0.000833333354,0
138,-40.5531845,84.3457565,-702.5,0.000833333354,0
139,-44.258812,-23.1467762,-702,0.000833333354,0
140,-81.1893311,-36.0611458,-702,0.000833333354,0
141,-43.9588966,-23.0203724,-697.5,0.000833333354,0
142,-67.6220627,-59.2520256,-702.5,0.000833333354,0
143,-68.9959793,-57.4736099,-702.5,0.000833333354,0
144,-16.6879749,-29.6774139,-702,0.000833333354,0
145,-35.570446,-71.4731369,-702,0.000833333354,0
146,-35.3137283,-71.07267,-697.5,0.000833333354,0
147,-16.5784855,-29.4781208,-697.5,0.000833333354,0
148,25.6173534,-23.1142464,-702,0.000833333354,0
149,25.4815025,-22.9814701,-697.5,0.000833333354,0
150,42.2164001,-30.4354343,-697.5,0.000833333354,0
151,42.5729675,-30.6637917,-702.5,0.000833333354,0
152,31.4126892,-1.9928205,-697.5,0.000833333354,0
153,82.3643188,-6.8810091,-697.5,0.000833333354,0
154,7.90682983,173.12178,-702,0.000833333354,0
155,-98.1559601,97.5123138,-698,0.000833333354,0
156,-65.2333603,-87.0250778,-698,0.000833333354,0
157,-65.6682587,-87.4338608,-702,0.000833333354,0
158,14.9146194,-140.77034,-698,0.000833333354,0
159,14.8984785,-141.534515,-702,0.000833333354,0
160,101.223846,-43.9709129,-698,0.000833333354,0
161,140.037872,-46.4107704,-702,0.000833333354,0
162,54.4407539,9.83105564,-602.5,0.000833333354,0
163,54.058506,9.78158951,-598,0.000833333354,0
164,33.0360565,33.0924721,-602.5,0.000833333354,0
165,48.7671013,50.1306877,-602.5,0.000833333354,0
166,32.8038216,32.8571205,-598,0.000833333354,0
167,48.4572105,49.7385178,-598,0.000833333354,0
168,17.7809124,73.8386993,-602.5,0.000833333354,0
169,-33.7086372,73.2264481,-602.5,0.000833333354,0
170,-37.9372711,-20.2033749,-602,0.000833333354,0
171,-70.0569839,-30.8891582,-602,0.000833333354,0
172,-37.6445427,-20.0728931,-597.5,0.000833333354,0
173,-58.9089622,-50.2974052,-602.5,0.000833333354,0
174,-59.531971,-49.4060516,-602.5,0.000833333354,0
175,-54.7516518,-75.9306946,-598,0.000833333354,0
176,-55.1516838,-76.3859863,-602,0.000833333354,0
177,-29.9548569,-61.7827682,-602,0.000833333354,0
178,-29.69664,-61.3382225,-597.5,0.000833333354,0
179,36.0842514,-26.3477898,-597.5,0.000833333354,0
180,36.3579826,-26.554821,-602.5,0.000833333354,0
181,86.9892044,-38.6112175,-598,0.000833333354,0
182,70.8772964,-5.75853586,-597.5,0.000833333354,0
183,102.648247,113.319092,-602,0.000833333354,0
184,101.967674,112.632614,-598,0.000833333354,0
185,-1.2472136,150.091415,-602,0.000833333354,0
186,-1.52045488,149.151794,-598,0.000833333354,0
187,-85.8928528,82.5207977,-598,0.000833333354,0
188,14.1584702,-121.825363,-602,0.000833333354,0
189,120.306221,-40.8730087,-602,0.000833333354,0
190,-28.7424412,-15.7591305,-455.335297,4.23988859e-05,0.000208333338
191,26.0683479,-19.4663696,-432.55777,3.04584428e-05,0.000208333338
192,23.9743652,23.8960266,-429.800934,9.16253484e-05,0.000208333338
193,22.3352013,22.1892147,-398.496307,2.34488493e-06,0.000208333338
194,-14.0047865,-31.1952343,-294.188843,0.000106523512,0.000208333338
195,31.5001793,6.66389751,-338.844574,1.35519822e-05,0.000208333338
196,24.1305466,23.8207645,-286.602875,9.41554681e-05,0.000208333338
197,-28.9734192,-12.3906212,-236.509186,3.82118242e-06,0.000208333338
198,-24.8836956,-19.3360119,-233.61998,3.89905381e-06,0.000208333338
199,-24.3657551,-19.9158802,-233.265976,1.59800754e-06,0.000208333338
200,-30.5058517,-13.0416555,-249.944427,8.49908974e-05,0.000208333338
201,-12.8005838,-28.7308769,-269.108856,7.45523209e-07,0.000208333338
202,31.3586807,-2.31624722,-253.897522,2.51683474e-07,0.000208333338
203,22.4455299,22.0656948,-264.76001,1.90387857e-06,0.000208333338
204,10.5326128,29.8237724,-241.704941,9.96286417e-06,0.000208333338
205,10.8393116,30.8779011,-250.718597,6.41979277e-05,0.000208333338
206,-11.7315674,29.203846,-224.677032,1.7340875e-06,0.000208333338
207,-12.5659151,30.9307842,-239.513992,9.43392952e-05,0.000208333338
208,-16.8025379,-27.3520012,-190.128983,8.61040553e-06,0.000208333338
209,5.05952692,-32.0611229,-144.410858,2.66602201e-05,0.000208333338
210,28.6834965,-14.0394249,-186.113251,3.13290514e-08,0.000208333338
211,31.3155499,-11.8718882,-144.043686,7.56320878e-05,0.000208333338
212,-25.4191074,20.813673,-150.552643,4.59616313e-05,0.000208333338
213,18.5634689,-25.5737362,-73.019455,8.4993635e-06,0.000208333338
214,29.5004864,-11.203496,-134.669678,6.16238913e-06,0.000208333338
215,30.1689129,8.9713583,-75.8314972,1.8635277e-06,0.000208333338
216,20.6509056,24.9479485,-111.505119,4.80098606e-05,0.000208333338
217,-8.18047142,30.4454346,-108.7463,4.53738312e-06,0.000208333338
218,-24.8125114,-20.1589336,-4.47031593,1.8209065e-06,0.000208333338
219,0.703775585,-32.0249329,0.75485611,5.10148493e-06,0.000208333338
220,6.07282877,-31.7068367,-11.369669,1.79049239e-05,0.000208333338
221,0.710750759,-33.5816078,-0.113147736,8.00807757e-05,0.000208333338
222,26.6957417,-18.1644058,0.527759552,1.82220629e-05,0.000208333338
223,27.5072899,-16.4802837,-36.6768646,6.84064389e-06,0.000208333338
224,-27.3867836,16.73036,-51.7216644,8.19684919e-06,0.000208333338
225,-25.8185482,19.9847527,-55.6369476,3.60993181e-05,0.000208333338
226,-33.2341652,-0.204350427,32.9146881,8.76058693e-05,0.000208333338
227,-25.5169811,-18.6270103,21.4786148,8.05594664e-06,0.000208333338
228,0.715706229,-31.5297108,1.05535126,5.19593368e-06,0.000208333338
229,12.8672552,-28.8067703,26.8950615,5.82940129e-06,0.000208333338
230,0.703034282,-33.0598068,0.163986206,8.00313646e-05,0.000208333338
231,21.848629,-22.6394119,69.0565643,1.23949019e-06,0.000208333338
232,13.4926233,-30.1030445,27.2504597,7.64311699e-05,0.000208333338
233,28.5166492,-13.2451515,54.3747406,1.68640781e-07,0.000208333338
234,26.2812328,-17.8840771,0.853919983,1.82329295e-05,0.000208333338
235,30.6828823,-14.2965212,57.1100082,0.000114470575,0.000208333338
236,30.2468357,8.74848938,26.9737186,2.49971094e-06,0.000208333338
237,28.0361595,15.8066301,7.21648979,3.81662721e-05,0.000208333338
238,14.1026497,28.1034355,68.9534302,2.14590628e-07,0.000208333338
239,-13.5619345,28.5638866,61.6635056,9.49208061e-06,0.000208333338
240,-23.5249252,21.1421356,56.5197449,9.97820371e-06,0.000208333338
241,-20.9208431,23.4681168,49.2804337,7.88723753e-10,0.000208333338
242,-21.4469719,22.9981747,60.8905945,3.83796589e-07,0.000208333338
243,-14.081274,29.5772572,62.9758072,6.57468481e-05,0.000208333338
244,-24.3604603,21.8700562,57.8394852,6.47691631e-05,0.000208333338
245,-23.0436172,24.6027622,63.9259186,0.000108444423,0.000208333338
246,-31.0166092,8.38036156,9.28277588,3.53812684e-05,0.000208333338
247,-31.5008125,-0.203428119,32.1571121,3.28297938e-06,0.000208333338
248,-24.2718449,-20.7642441,101.534538,3.80782211e-07,0.000208333338
249,-12.0318041,-29.6509342,105.722878,3.36287849e-06,0.000208333338
250,-12.783392,-31.2641315,110.60762,8.84207329e-05,0.000208333338
251,-5.94737244,-31.6497459,106.467178,1.38751902e-05,0.000208333338
252,22.2051163,-22.9848499,69.8455887,1.27314104e-06,0.000208333338
253,15.9340506,-28.5862026,80.9154358,3.98783704e-05,0.000208333338
254,23.6449776,-24.4953403,73.1924515,0.000100146477,0.000208333338
255,31.5698681,-7.36343098,138.74678,2.46354248e-05,0.000208333338
256,30.7808323,8.72132111,135.459091,3.02138847e-06,0.000208333338
257,24.1202507,20.9339657,126.188217,1.69303107e-07,0.000208333338
258,14.3404112,28.5384579,69.763298,2.2940246e-07,0.000208333338
259,-11.955555,29.6500301,117.575333,1.83413476e-06,0.000208333338
260,-12.6606359,31.5100346,123.710297,9.63744824e-05,0.000208333338
261,-14.0104437,-28.1478672,210.074554,1.36374283e-07,0.000208333338
262,-7.38714218,-31.0726357,204.211151,2.58520067e-05,0.000208333338
263,19.8251762,-24.4467716,198.849228,1.89184232e-06,0.000208333338
264,31.3370686,-2.69938397,166.023712,7.28866894e-07,0.000208333338
265,8.467906,31.0116692,151.604752,3.62836363e-05,0.000208333338
266,-23.374855,21.2761784,193.220718,8.86368525e-06,0.000208333338
267,-21.4206467,23.0216885,163.888657,3.44713612e-07,0.000208333338
268,-24.8966122,20.7574348,144.390076,4.93944317e-05,0.000208333338
269,-24.2281971,22.1445274,199.951981,6.88026776e-05,0.000208333338
270,-22.9727573,24.7498112,174.664886,0.000110984998,0.000208333338
271,-31.1388016,6.21417236,189.781662,1.6371474e-05,0.000208333338
272,-29.7905369,-11.5536928,229.702087,9.41704286e-07,0.000208333338
273,-23.5742645,-21.5452309,272.043732,1.08477472e-07,0.000208333338
274,-31.8250599,-12.3079453,243.959213,0.000103429353,0.000208333338
275,-14.2440548,-28.5848904,213.102707,1.46156523e-07,0.000208333338
276,-3.62574887,-31.7807083,216.265137,2.7279184e-06,0.000208333338
277,-22.8269939,22.4293861,278.225708,3.53047631e-06,0.000208333338
278,-24.9748459,-22.8643169,287.268646,0.000114903298,0.000208333338
279,31.1836262,-5.41952562,335.993988,1.11106274e-05,0.000208333338
280,25.9391804,18.1543312,331.499359,1.16281799e-05,0.000208333338
281,7.86466885,31.0456982,343.676636,3.02684221e-05,0.000208333338
282,-9.90715885,29.8417244,307.904785,2.08234965e-07,0.000208333338
283,-23.6909256,23.2594738,287.921844,8.60576474e-05,0.000208333338
284,-29.7612896,-11.6373386,399.30658,1.10327437e-06,0.000208333338
285,1.54279602,31.8982048,356.369202,5.36121476e-08,0.000208333338
286,-20.7513885,24.2833271,398.364532,4.00241362e-07,0.000208333338
287,-31.7259464,-4.51804447,423.621185,3.12537413e-05,0.000208333338
288,8.66983318,31.0002785,466.202454,3.84022314e-05,0.000208333338
289,-3.23855281,32.1733017,440.381348,4.55685731e-05,0.000208333338
290,-40.3360939,-59.2003899,-452.3302,2.15500904e-06,0.000208333338
291,-41.7326164,-60.9099083,-466.97168,5.09346391e-05,0.000208333338
292,65.2380981,-29.907568,-444.654572,5.18664183e-06,0.000208333338
293,-54.0397453,47.8544579,-354.951691,2.59939952e-05,0.000208333338
294,10.1367559,-71.1603928,-344.327942,7.76451725e-06,0.000208333338
295,68.5430374,-24.798666,-337.231812,3.05385947e-05,0.000208333338
296,46.643074,54.777832,-272.017151,2.06666082e-05,0.000208333338
297,-12.815156,70.0006256,-271.734497,2.71480008e-06,0.000208333338
298,44.6231384,-57.1676369,-191.938248,2.23327297e-05,0.000208333338
299,67.5255508,24.4493885,-195.220474,6.31066587e-06,0.000208333338
300,-56.0910683,45.43927,-146.380051,1.47956798e-05,0.000208333338
301,-61.8016205,39.2963676,-142.248352,3.81004538e-05,0.000208333338
302,63.0777054,-34.3695297,-105.867012,1.81269806e-05,0.000208333338
303,-55.7246056,-45.9502411,-33.8715439,1.56933656e-05,0.000208333338
304,0.5359357,-71.5832977,-21.5706787,9.82223582e-07,0.000208333338
305,14.8350277,-70.0197296,-48.2523651,7.19747277e-07,0.000208333338
306,0.507653236,-73.4981766,-22.6502571,4.37817143e-05,0.000208333338
307,15.3096056,-71.7674026,-49.9598389,4.12458176e-05,0.000208333338
308,59.6267242,-39.6363754,-21.71558,1.29594525e-06,0.000208333338
309,61.275753,-40.7330933,-22.8397064,4.54826913e-05,0.000208333338
310,68.533287,22.2780495,-23.2857018,1.19881061e-05,0.000208333338
311,63.6572304,34.1427231,-7.12158966,1.5898946e-05,0.000208333338
312,-69.3220139,19.7977524,-2.57894897,1.26786408e-05,0.000208333338
313,-72.9897766,-0.503151,49.7187653,4.37867602e-05,0.000208333338
314,-58.0668602,-43.1235046,24.9657822,2.92431396e-05,0.000208333338
315,30.0889473,-66.0051956,37.3663559,3.39242906e-05,0.000208333338
316,69.6082687,18.785738,37.4814873,2.41102935e-05,0.000208333338
317,-71.0909653,-0.459327072,48.9046059,1.04175467e-06,0.000208333338
318,49.1790581,-52.2137337,133.615204,4.28223802e-06,0.000208333338
319,64.2985458,-32.4745255,100.544449,1.13193155e-05,0.000208333338
320,33.7651443,63.8261528,134.252274,1.52553102e-05,0.000208333338
321,-31.3914165,65.6669312,110.011223,2.81813045e-05,0.000208333338
322,-47.642292,53.8847466,88.3866501,8.84946894e-06,0.000208333338
323,-50.2652206,51.032692,114.709068,2.03210061e-06,0.000208333338
324,-54.4447823,48.1412354,105.381279,2.57798365e-05,0.000208333338
325,-51.8045921,52.474453,117.525909,4.88705919e-05,0.000208333338
326,-55.6467705,-45.3491707,205.140747,1.70273288e-05,0.000208333338
327,33.465374,-63.5388718,155.526535,1.76619196e-05,0.000208333338
328,-70.5763931,-12.5421915,239.954086,3.23022732e-06,0.000208333338
329,-67.7902069,-23.8791428,251.664688,7.63194839e-06,0.000208333338
330,-31.2331657,-64.7529068,214.870255,8.0671407e-06,0.000208333338
331,-13.8163633,-70.2537079,213.746796,1.31016452e-06,0.000208333338
332,-14.239706,-72.2016525,219.19725,4.57657188e-05,0.000208333338
333,60.3898697,38.6157761,225.43219,3.19481205e-06,0.000208333338
334,55.1611824,46.468399,260.768646,1.34004822e-05,0.000208333338
335,-26.0214958,66.7959213,240.230911,3.30773742e-06,0.000208333338
336,68.8581543,-19.5588207,283.676636,1.23885611e-05,0.000208333338
337,68.6734085,20.800045,280.528564,1.63247296e-05,0.000208333338
338,19.3357563,68.8928986,314.360443,1.17648906e-05,0.000208333338
339,-47.1820259,53.6538086,349.106628,9.31406885e-06,0.000208333338
340,-54.6288986,46.8875084,297.581207,2.16964763e-05,0.000208333338
341,71.7500839,-3.44943714,355.15921,6.71151474e-06,0.000208333338
342,-50.4571915,50.8239479,414.430573,1.71996123e-06,0.000208333338
343,-47.4946632,54.045269,351.450012,9.37194727e-06,0.000208333338
344,-70.3096848,13.4570332,404.313202,9.96383847e-07,0.000208333338
345,-72.1830215,13.7944593,414.554291,4.35531474e-05,0.000208333338
346,-66.2058182,-26.11689,488.435791,2.87644798e-06,0.000208333338
347,-30.0498104,-64.6588058,450.384583,5.89039109e-06,0.000208333338
348,-15.8658381,-69.4333954,433.36142,4.09100539e-06,0.000208333338
349,-5.78909159,-71.3524551,459.299042,1.24997732e-05,0.000208333338
350,46.4999008,-54.3955154,433.012695,1.19269662e-05,0.000208333338
351,-51.4799423,52.0557327,423.310883,4.8533424e-05,0.000208333338
352,76.2387848,86.6906433,-449.680542,4.79627806e-06,0.000208333338
353,77.5824585,88.1025162,-457.633636,3.20595209e-05,0.000208333338
354,-9.7544241,115.482231,-457.342712,1.1191576e-05,0.000208333338
355,74.6467896,-88.4414139,-317.509705,8.90403589e-06,0.000208333338
356,107.220619,45.7893257,-333.198181,2.0967489e-05,0.000208333338
357,-34.8797455,110.846664,-318.332092,1.55925773e-05,0.000208333338
358,-88.1943588,76.4351883,-250.638321,2.95759655e-05,0.000208333338
359,-97.2119904,64.1998901,-237.568268,2.66868246e-05,0.000208333338
360,105.230354,-50.3867569,-184.066223,2.21210048e-05,0.000208333338
361,26.3961639,-112.013222,-88.9946213,6.70433838e-06,0.000208333338
362,27.0513153,-114.004242,-90.9603653,3.59082333e-05,0.000208333338
363,-88.7705231,-74.3300552,-65.6362076,9.58897817e-06,0.000208333338
364,-0.763079464,-115.538979,-46.3763199,6.17516571e-06,0.000208333338
365,-0.836501658,-117.63369,-47.530262,3.5377001e-05,0.000208333338
366,98.0464783,-63.506813,-47.3168678,2.41405905e-05,0.000208333338
367,109.355827,38.0295029,-58.2866516,9.57521843e-06,0.000208333338
368,103.187027,52.1816559,-22.6724815,7.45261377e-06,0.000208333338
369,-111.153755,33.5606232,-15.6904202,1.42516174e-05,0.000208333338
370,-116.786674,-0.846057713,68.2144012,3.07109694e-05,0.000208333338
371,-92.615242,-69.9428406,28.6647377,2.05656379e-05,0.000208333338
372,48.7291069,-104.780167,48.3712616,1.34945194e-05,0.000208333338
373,111.541458,27.813839,48.6551018,4.91456012e-06,0.000208333338
374,113.464684,28.1912594,49.1588783,3.24219836e-05,0.000208333338
375,-114.9133,-0.854357421,67.4388885,4.33050809e-06,0.000208333338
376,-76.2403641,86.7855377,130.55188,5.8332871e-06,0.000208333338
377,-77.5797195,88.3387985,132.557724,3.44516193e-05,0.000208333338
378,78.6686401,-86.0695343,205.478622,2.81653083e-05,0.000208333338
379,100.898827,-55.5697708,149.942123,8.25264851e-06,0.000208333338
380,56.096489,100.673813,203.360809,9.0887479e-06,0.000208333338
381,-48.0134277,105.231766,160.280823,1.50635015e-05,0.000208333338
382,-83.1353378,80.1374054,173.422379,1.22696638e-05,0.000208333338
383,-86.7397232,75.3505096,155.558319,4.05932224e-06,0.000208333338
384,-88.1385651,76.531601,157.742126,2.9865656e-05,0.000208333338
385,51.1455193,-103.840836,239.971283,9.19670583e-06,0.000208333338
386,-91.6242828,-70.8965225,319.162262,1.76431859e-05,0.000208333338
387,-57.3825073,-100.124413,335.337097,1.12932312e-05,0.000208333338
388,-23.4482689,-113.747375,335.125854,2.16925891e-05,0.000208333338
389,-115.199913,2.7393353,346.643036,8.87095393e-06,0.000208333338
390,-102.619827,-53.0805244,401.46286,6.08432219e-06,0.000208333338
391,-104.131798,-54.4374313,408.181396,3.35553304e-05,0.000208333338
392,98.3157654,61.5748825,354.127075,1.27899011e-05,0.000208333338
393,89.9474335,73.1974258,407.396149,1.22375586e-05,0.000208333338
394,-40.5856934,108.145927,375.479706,5.73516809e-06,0.000208333338
395,-41.2127342,110.108482,381.811981,3.44522559e-05,0.000208333338
396,-83.5246048,-80.5848846,425.890198,2.06078203e-05,0.000208333338
397,109.909119,-38.1043739,450.435944,2.43119666e-05,0.000208333338
398,110.015739,35.4779816,440.384949,1.40308375e-05,0.000208333338
399,-85.9793167,76.3603821,462.202667,5.43102033e-06,0.000208333338
400,-87.4279022,77.759758,469.913147,3.36643134e-05,0.000208333338
401,116.674202,-126.054764,-480.981445,1.15908815e-05,0.000208333338
402,-53.0036964,164.153824,-481.541443,1.85831959e-05,0.000208333338
403,-124.123322,118.619667,-380.130249,1.56492733e-05,0.000208333338
404,-141.181381,97.8969116,-359.765106,1.67230701e-05,0.000208333338
405,160.385574,-64.0465012,-281.142731,2.04849293e-05,0.000208333338
406,159.891327,-63.9874077,-280.292206,2.06777986e-05,0.000208333338
407,44.5340157,-165.915527,-141.886154,1.18295029e-05,0.000208333338
408,-130.250793,-111.199135,-106.194687,1.15593211e-05,0.000208333338
409,-4.41983747,-172.372849,-78.408783,2.26542925e-05,0.000208333338
410,144.753952,-90.7607574,-77.9520264,7.63799108e-06,0.000208333338
411,146.396698,-91.6807785,-79.0401688,2.55186442e-05,0.000208333338
412,161.61026,55.2659798,-102.216637,7.09975711e-06,0.000208333338
413,163.410553,55.7691002,-103.658272,2.48640299e-05,0.000208333338
414,156.095398,73.1204681,-42.9886055,1.73905901e-05,0.000208333338
415,-164.677338,53.3247795,-32.7241783,2.41926537e-05,0.000208333338
416,-136.363022,-105.549484,33.4403954,2.2753291e-05,0.000208333338
417,73.7553787,-154.124817,62.5342026,7.72544536e-06,0.000208333338
418,74.6479492,-155.792725,62.9940643,2.56899457e-05,0.000208333338
419,167.263702,37.2121735,63.0650368,1.24373819e-05,0.000208333338
420,-173.120514,-1.39296889,92.0349503,2.4476074e-05,0.000208333338
421,-171.279755,-1.36510265,91.2521515,6.99589509e-06,0.000208333338
422,-112.955246,129.655045,185.079437,1.81959258e-05,0.000208333338
423,147.448029,-90.3987427,215.779266,2.28590452e-05,0.000208333338
424,-66.8630753,158.860458,226.704208,1.72515156e-05,0.000208333338
425,-127.347137,114.999695,248.660446,9.90371154e-06,0.000208333338
426,-131.723373,111.748573,224.371002,2.08473102e-05,0.000208333338
427,70.5941467,-156.031662,347.18042,1.15284392e-05,0.000208333338
428,113.574753,-128.928146,294.390503,1.68809638e-05,0.000208333338
429,87.4190521,147.135727,292.944519,1.04510336e-05,0.000208333338
430,-138.547714,-100.605911,462.50415,1.11810095e-05,0.000208333338
431,-36.4130173,-167.23764,484.284393,1.05443642e-05,0.000208333338
432,-168.705276,27.419342,481.69696,8.26179348e-06,0.000208333338
433,-170.646652,28.4688683,486.742157,2.80393851e-05,0.000208333338
434,-45.7726898,-6.92784595,602.5,0.000833333354,0
435,-45.4487457,-6.8644886,598,0.000833333354,0
436,-44.9007187,-19.4654789,602,0.000833333354,0
437,-82.1027374,-32.7075462,602,0.000833333354,0
438,-44.6027298,-19.3022652,597.5,0.000833333354,0
439,-52.4354591,-52.7227707,602.5,0.000833333354,0
440,-52.0443802,-52.2772675,598,0.000833333354,0
441,-38.615551,-87.3918076,597.5,0.000833333354,0
442,-21.1438332,-98.0951691,602.5,0.000833333354,0
443,-6.14232874,-94.2691193,598,0.000833333354,0
444,66.756691,-74.89431,602,0.000833333354,0
445,57.4495926,-12.4197388,602,0.000833333354,0
446,56.993557,-12.3055677,597.5,0.000833333354,0
447,49.1789284,31.9554386,597.5,0.000833333354,0
448,49.6297684,32.1994514,602.5,0.000833333354,0
449,11.6162481,40.3693008,602.5,0.000833333354,0
450,12.3449621,56.0620193,602.5,0.000833333354,0
451,3.34673023,54.5176201,598,0.000833333354,0
452,-2.40417099,44.0030327,598,0.000833333354,0
453,3.66046405,46.8798409,598,0.000833333354,0
454,3.724823,47.1609802,602,0.000833333354,0
455,-2.39464688,44.2949257,602,0.000833333354,0
456,3.38023686,54.9130249,602,0.000833333354,0
457,-20.9781723,59.1096268,597.5,0.000833333354,0
458,-21.1677723,59.5988731,602.5,0.000833333354,0
459,-30.6251431,38.3737221,602,0.000833333354,0
460,-51.5529594,50.1641808,602,0.000833333354,0
461,-51.1946793,49.7758827,597.5,0.000833333354,0
462,-146.307907,-94.099205,602,0.000833333354,0
463,-123.081207,-105.551826,598,0.000833333354,0
464,144.697693,-57.9436188,598,0.000833333354,0
465,123.447227,-0.0945112854,598,0.000833333354,0
466,124.252647,0.0217013713,602,0.000833333354,0
467,150.022049,51.6319275,598,0.000833333354,0
468,136.503937,105.841446,598,0.000833333354,0
469,39.5870552,134.559845,598,0.000833333354,0
470,39.8866158,135.472763,602,0.000833333354,0
471,-71.5894012,77.9748001,602,0.000833333354,0
472,-78.2201767,98.5319824,602,0.000833333354,0
473,-111.139641,101.307655,598,0.000833333354,0
474,-71.2156601,77.388443,598,0.000833333354,0
475,-111.846939,102.093811,602,0.000833333354,0
476,-105.624359,19.3212452,598,0.000833333354,0
477,-106.348,19.4387398,602,0.000833333354,0
478,-53.6873894,-8.34765911,702.5,0.000833333354,0
479,-53.2898941,-8.28090382,698,0.000833333354,0
480,-52.2067604,-23.6648235,702,0.000833333354,0
481,-51.8682251,-23.4617119,697.5,0.000833333354,0
482,-60.7282906,-62.8041077,702.5,0.000833333354,0
483,-60.3774757,-62.3036385,698,0.000833333354,0
484,67.2738724,-15.5083303,702,0.000833333354,0
485,30.1632442,8.21885777,698,0.000833333354,0
486,30.3630543,8.23123837,702,0.000833333354,0
487,58.3671188,36.8345222,697.5,0.000833333354,0
488,13.8154297,46.8244743,697.5,0.000833333354,0
489,13.920682,47.1699448,702.5,0.000833333354,0
490,6.29610491,54.9374504,702.5,0.000833333354,0
491,13.8071957,65.8872681,702.5,0.000833333354,0
492,4.19830751,63.8706398,698,0.000833333354,0
493,-1.66642928,51.2275391,698,0.000833333354,0
494,6.15454578,54.6086082,698,0.000833333354,0
495,-1.61673093,51.5038834,702,0.000833333354,0
496,-25.0573845,69.0749359,697.5,0.000833333354,0
497,-25.2479687,69.5703125,702.5,0.000833333354,0
498,-35.0352707,45.2068863,698,0.000833333354,0
499,-35.2616081,45.5005302,702,0.000833333354,0
500,-60.5640411,58.6803513,702,0.000833333354,0
501,-62.1715279,76.0890732,702,0.000833333354,0
502,-62.2026443,76.1153564,702,0.000833333354,0
503,-60.1303215,58.2883873,697.5,0.000833333354,0
504,-44.3359375,-103.711319,702,0.000833333354,0
505,-23.8993893,-115.022461,702,0.000833333354,0
506,-23.7603016,-114.373276,698,0.000833333354,0
507,-6.11739159,-111.442802,702,0.000833333354,0
508,79.2686768,-86.5887375,702,0.000833333354,0
509,78.7672958,-86.1292419,698,0.000833333354,0
510,145.43042,2.79033566,702,0.000833333354,0
511,47.1423416,157.597626,698,0.000833333354,0
512,-89.2375946,116.311928,698,0.000833333354,0
513,-81.9037704,93.2028198,702,0.000833333354,0
514,-89.6792297,117.048279,702,0.000833333354,0
515,-81.5470123,92.6086273,698,0.000833333354,0
516,-123.883987,22.1802368,698,0.000833333354,0
517,-124.605728,22.287241,702,0.000833333354,0
518,-63.1291733,-10.1178799,822.5,0.000833333354,0
519,-62.8011475,-10.0321398,818,0.000833333354,0
520,-60.6768074,-28.7387886,822,0.000833333354,0
521,-60.3581085,-28.5164928,817.5,0.000833333354,0
522,79.1212692,-19.4508114,822,0.000833333354,0
523,36.028511,8.95129585,818,0.000833333354,0
524,75.3993912,24.3931179,822,0.000833333354,0
525,69.5722427,42.401123,817.5,0.000833333354,0
526,16.6215668,54.9362679,817.5,0.000833333354,0
527,16.7762756,55.3006325,822.5,0.000833333354,0
528,15.2728262,77.7447205,822.5,0.000833333354,0
529,10.5220881,64.055481,822.5,0.000833333354,0
530,5.35296059,75.0993881,818,0.000833333354,0
531,-0.205619693,59.5050697,818,0.000833333354,0
532,10.3440809,63.7318916,818,0.000833333354,0
533,-0.157988206,59.7957535,822,0.000833333354,0
534,-11.7524309,31.5404949,817.5,0.000833333354,0
535,-30.3288956,81.3577652,822.5,0.000833333354,0
536,-11.8354092,31.7430401,822.5,0.000833333354,0
537,-40.3892822,53.881916,818,0.000833333354,0
538,-40.57061,54.2049904,822,0.000833333354,0
539,-70.9234695,68.4290161,817.5,0.000833333354,0
540,-112.220131,-45.5012169,818,0.000833333354,0
541,-112.757408,-45.7516594,822,0.000833333354,0
542,-50.3714409,-122.775009,822,0.000833333354,0
543,-26.8716335,-135.542145,822,0.000833333354,0
544,-26.7935009,-134.84668,818,0.000833333354,0
545,-5.59081745,-131.295319,822,0.000833333354,0
546,94.1483994,-99.7854462,818,0.000833333354,0
547,170.704391,7.23283148,822,0.000833333354,0
548,-102.219193,139.196136,818,0.000833333354,0
549,-93.4391327,112.145844,822,0.000833333354,0
550,-146.520081,25.5007801,822,0.000833333354,0
551,-74.1747742,-12.2428389,962.5,0.000833333354,0
552,-73.8265839,-12.1972075,958,0.000833333354,0
553,-70.3327942,-35.0038261,962,0.000833333354,0
554,-70.0032349,-34.8133926,957.5,0.000833333354,0
555,29.2450066,-14.9866619,962.5,0.000833333354,0
556,29.1061859,-14.9112167,958,0.000833333354,0
557,92.7939148,-24.3572121,962,0.000833333354,0
558,30.198719,8.61952496,958,0.000833333354,0
559,42.9403267,9.35315609,958,0.000833333354,0
560,30.2859974,8.61505985,962,0.000833333354,0
561,82.8379593,48.5280952,957.5,0.000833333354,0
562,20.0450268,64.3904572,957.5,0.000833333354,0
563,20.1790371,64.735199,962.5,0.000833333354,0
564,16.4895878,91.6361771,962.5,0.000833333354,0
565,17.0575485,74.1880798,962.5,0.000833333354,0
566,2.12684155,69.0413437,958,0.000833333354,0
567,6.7077651,88.2064285,958,0.000833333354,0
568,2.21876192,69.3040237,962,0.000833333354,0
569,-13.9291821,37.0319481,957.5,0.000833333354,0
570,-36.4801941,95.0125961,962.5,0.000833333354,0
571,-14.023735,37.2249451,962.5,0.000833333354,0
572,-46.1984138,64.2158203,958,0.000833333354,0
573,-46.3828087,64.5301361,962,0.000833333354,0
574,-28.7246151,19.712986,957.5,0.000833333354,0
575,-28.8817806,19.8323593,962.5,0.000833333354,0
576,-132.163193,-54.2637482,962,0.000833333354,0
577,-81.041275,-89.8816986,962,0.000833333354,0
578,-80.7412796,-89.4620895,958,0.000833333354,0
579,-56.8845978,-145.254807,962,0.000833333354,0
580,-56.7131157,-144.597549,958,0.000833333354,0
581,-29.8601646,-159.560562,962,0.000833333354,0
582,-29.7566833,-158.880859,958,0.000833333354,0
583,-4.28299618,-154.339844,962,0.000833333354,0
584,112.719536,-115.188171,958,0.000833333354,0
585,-105.292709,134.940643,962,0.000833333354,0
586,-83.6480713,80.2264099,958,0.000833333354,0
587,-84.0204849,80.5675278,962,0.000833333354,0
588,-172.097168,28.9747143,962,0.000833333354,0
589,-85.2032928,-14.5122986,1102.5,0.000833333354,0
590,-84.8276749,-14.4245653,1098,0.000833333354,0
591,-79.7948608,-41.4778709,1102,0.000833333354,0
592,-79.5251541,-41.2719231,1097.5,0.000833333354,0
593,33.4430885,-17.3645725,1102.5,0.000833333354,0
594,33.3263474,-17.2777042,1098,0.000833333354,0
595,54.9492683,-21.2627983,1098,0.000833333354,0
596,55.2504692,-21.3934383,1102,0.000833333354,0
597,50.227932,9.28990746,1102.5,0.000833333354,0
598,50.0138588,9.28718662,1098,0.000833333354,0
599,34.5932655,10.1849718,1098,0.000833333354,0
600,34.7185783,10.2181921,1102,0.000833333354,0
601,23.6343288,73.7694016,1097.5,0.000833333354,0
602,23.7924747,74.0858765,1102.5,0.000833333354,0
603,25.9956818,85.2510605,1102.5,0.000833333354,0
604,8.16169453,101.318527,1098,0.000833333354,0
605,5.12415743,78.3353653,1098,0.000833333354,0
606,-16.1653614,42.462204,1097.5,0.000833333354,0
607,-16.2453575,42.6834221,1102.5,0.000833333354,0
608,-51.6599464,74.8559952,1098,0.000833333354,0
609,-17.8687553,28.4179268,1098,0.000833333354,0
610,-17.9130859,28.5236721,1102,0.000833333354,0
611,-33.0346336,22.6580105,1097.5,0.000833333354,0
612,-33.222702,22.7407017,1102.5,0.000833333354,0
613,-151.432388,-62.87957,1102,0.000833333354,0
614,-90.843399,-104.499901,1098,0.000833333354,0
615,106.30806,-29.4488945,1102,0.000833333354,0
616,105.912338,-29.3074112,1098,0.000833333354,0
617,96.3296204,54.1863747,1098,0.000833333354,0
618,17.2860317,105.582649,1102,0.000833333354,0
619,17.2838726,105.192696,1098,0.000833333354,0
620,-42.8611603,108.514114,1102,0.000833333354,0
621,-42.6733055,108.099449,1098,0.000833333354,0
622,-96.3849792,91.8929367,1098,0.000833333354,0
623,-171.296341,11.9113379,1098,0.000833333354,0
624,-166.686539,13.3263292,1098,0.000833333354,0
625,-100.596809,-17.8463268,1298,0.000833333354,0
626,-24.5338478,-21.1587048,1302.5,0.000833333354,0
627,-24.4710999,-21.0789261,1298,0.000833333354,0
628,39.4691811,-20.8505383,1302.5,0.000833333354,0
629,39.3190804,-20.7983856,1298,0.000833333354,0
630,68.430481,-26.7816505,1298,0.000833333354,0
631,59.94487,8.66504288,1302.5,0.000833333354,0
632,59.7305374,8.66193104,1298,0.000833333354,0
633,40.8967361,12.6463737,1298,0.000833333354,0
634,41.0138512,12.6750927,1302,0.000833333354,0
635,28.9957409,87.0793152,1297.5,0.000833333354,0
636,29.1077995,87.4079437,1302.5,0.000833333354,0
637,10.8973551,90.8903656,1298,0.000833333354,0
638,-19.3357582,50.2651863,1297.5,0.000833333354,0
639,-19.4207268,50.4969063,1302.5,0.000833333354,0
640,-21.3600502,33.5238266,1298,0.000833333354,0
641,-21.4543533,33.6431007,1302,0.000833333354,0
642,-39.256115,26.7877769,1297.5,0.000833333354,0
643,-39.4126282,26.9075909,1302.5,0.000833333354,0
644,-92.8310089,-50.9751434,1298,0.000833333354,0
645,-104.473312,-126.696938,1298,0.000833333354,0
646,125.264885,-37.4946899,1302,0.000833333354,0
647,124.919327,-37.3245773,1298,0.000833333354,0
648,115.844017,61.438755,1298,0.000833333354,0
649,42.8262367,97.276474,1302,0.000833333354,0
650,17.6238937,125.120033,1298,0.000833333354,0
651,10.4382305,119.980736,1298,0.000833333354,0
652,10.4895506,120.379189,1302,0.000833333354,0
653,-52.2702026,127.231415,1298,0.000833333354,0
654,-59.0057449,90.7856445,1302,0.000833333354,0
655,-58.8151627,90.4653244,1298,0.000833333354,0
656,-114.708061,108.440178,1298,0.000833333354,0
657,-28.4277172,-24.4223003,1502.5,0.000833333354,0
658,-28.3203049,-24.3348885,1498,0.000833333354,0
659,21.8323879,-21.5941906,1502,0.000833333354,0
660,21.7713776,-21.5271378,1497.5,0.000833333354,0
661,45.4427757,-24.3979778,1502.5,0.000833333354,0
662,45.3336105,-24.3196487,1498,0.000833333354,0
663,81.8407745,-32.4682999,1498,0.000833333354,0
664,69.3604584,7.0904088,1502.5,0.000833333354,0
665,31.5037174,10.7944689,1498,0.000833333354,0
666,47.0362816,15.3509121,1498,0.000833333354,0
667,31.6098156,10.7858877,1502,0.000833333354,0
668,47.1409531,15.3992138,1502,0.000833333354,0
669,23.9401188,23.6172848,1502.5,0.000833333354,0
670,23.873455,23.5296612,1498,0.000833333354,0
671,5.33985138,33.3433876,1502.5,0.000833333354,0
672,8.33340263,32.6742401,1502.5,0.000833333354,0
673,5.30487108,33.2541237,1498,0.000833333354,0
674,-22.6675072,58.2269592,1502.5,0.000833333354,0
675,-24.8960724,38.5725861,1498,0.000833333354,0
676,-24.9405823,38.6745415,1502,0.000833333354,0
677,-45.4820442,30.9239063,1497.5,0.000833333354,0
678,-45.6298752,31.0199661,1502.5,0.000833333354,0
679,-116.22802,-21.4550076,1498,0.000833333354,0
680,-116.546288,-21.5031242,1502,0.000833333354,0
681,-105.612518,-61.6725426,1498,0.000833333354,0
682,143.858124,-46.3508987,1502,0.000833333354,0
683,135.989532,67.9611893,1502,0.000833333354,0
684,135.575638,67.8373337,1498,0.000833333354,0
685,62.7232704,106.412514,1502,0.000833333354,0
686,62.3116302,106.279442,1498,0.000833333354,0
687,34.6595459,100.262802,1498,0.000833333354,0
688,18.2780304,103.315804,1502,0.000833333354,0
689,12.8804646,138.692749,1498,0.000833333354,0
690,17.2102413,145.114059,1498,0.000833333354,0
691,18.1572056,103.059792,1498,0.000833333354,0
692,12.9525871,139.029648,1502,0.000833333354,0
693,-62.4202423,146.036942,1498,0.000833333354,0
694,-65.05793,106.834808,1502,0.000833333354,0
695,-64.9304428,106.521347,1498,0.000833333354,0
696,178.615051,281.291321,-2948.5,0.479877204,0
697,-86.3889008,339.066406,-2945.5,0.47986567,0
698,-324.847839,-167.303543,-2945.5,0.478899539,0
699,-273.781219,-246.71608,-2945.5,0.479750246,0
700,-208.156204,-251.062088,-2948.5,0.479983389,0
701,-199.760834,-305.19812,-2945.5,0.479997635,0
702,338.673615,-50.4815178,-2948.5,0.479662806,0
703,255.176239,-18.2425156,-2945.5,0.479916841,0
704,-378.73587,-196.747208,-2954.5,0.479682326,0
705,50.3942986,-544.716736,-2954.5,0.47937569,0
706,437.89212,-83.5424194,-2954.5,0.479804665,0
707,-217.995071,502.556335,-2948.5,0.479126841,0
708,-218.457336,502.874268,-2945.5,0.478199631,0
709,-81.1377335,-567.124451,-2945.5,0.47989282,0
710,56.1705971,-546.348999,-2945.5,0.478801966,0
711,54.2529945,-545.520142,-2948.5,0.478396803,0
712,597.63501,-86.7565613,-2948.5,0.479920208,0
713,163.560837,237.979813,-2548.5,0.479801774,0
714,-51.6808662,302.052643,-2548.5,0.478653729,0
715,-51.303112,301.328247,-2545.5,0.478040993,0
716,-233.387115,225.278641,-2548.5,0.479937762,0
717,-282.839752,-142.057739,-2548.5,0.478382796,0
718,-316.263733,-198.877792,-2545.5,0.479319185,0
719,-281.931366,-141.535294,-2545.5,0.478375614,0
720,-237.877991,-211.451996,-2545.5,0.479579866,0
721,-171.317032,-225.419708,-2548.5,0.478887588,0
722,-171.14653,-225.216599,-2545.5,0.477790952,0
723,-185.876144,-255.726425,-2545.5,0.478956491,0
724,294.086121,-40.3599739,-2548.5,0.479304969,0
725,395.383453,247.826721,-2554.5,0.478556186,0
726,395.212036,248.567719,-2551.5,0.478520781,0
727,-219.818253,426.555145,-2554.5,0.479596555,0
728,-49.0573654,-496.65567,-2551.5,0.479143202,0
729,516.276794,-91.2885895,-2554.5,0.479978472,0
730,505.572235,368.123474,-2545.5,0.478638649,0
731,506.016663,368.250732,-2548.5,0.478730053,0
732,321.555725,-609.029053,-2545.5,0.47989893,0
733,145.289276,195.960983,-2145.5,0.478273451,0
734,145.84906,196.775375,-2148.5,0.478499442,0
735,-22.9563541,260.651733,-2148.5,0.479611695,0
736,-183.016037,206.490356,-2145.5,0.479649842,0
737,-239.827728,-117.39666,-2148.5,0.478901088,0
738,-239.236053,-117.119804,-2145.5,0.47777164,0
739,-202.671661,-177.705215,-2148.5,0.476955622,0
740,-256.990601,-192.036362,-2148.5,0.479998469,0
741,-202.200119,-177.328232,-2145.5,0.479368806,0
742,-168.096695,-209.435272,-2148.5,0.479773015,0
743,315.421539,-87.164238,-2145.5,0.479783744,0
744,248.079376,-31.0912895,-2148.5,0.478813231,0
745,248.447891,-31.0714512,-2145.5,0.477906376,0
746,312.227203,304.734955,-2154.5,0.47907725,0
747,311.342194,304.76413,-2151.5,0.477872312,0
748,-211.994568,350.883789,-2154.5,0.479288936,0
749,-211.644974,349.804565,-2151.5,0.477459133,0
750,-23.0233192,-422.303162,-2151.5,0.479998708,0
751,434.502045,-90.9425125,-2154.5,0.47930938,0
752,179.429657,557.878296,-2148.5,0.478835702,0
753,-570.409302,126.082504,-2145.5,0.479064554,0
754,-564.269653,153.959946,-2145.5,0.479990035,0
755,-570.592346,125.825569,-2148.5,0.478283793,0
756,222.97023,319.490601,-1798.5,0.479637802,0
757,-195.860733,283.99234,-1798.5,0.479769111,0
758,-205.387192,-177.282013,-1798.5,0.477518052,0
759,-205.148041,-177.316223,-1795.5,0.479094118,0
760,-5.49901533,-355.299988,-1798.5,0.479885548,0
761,249.434998,-86.7638855,-1798.5,0.477493107,0
762,263.007996,-82.6407928,-1795.5,0.479912162,0
763,248.580933,-86.5796738,-1795.5,0.479064167,0
764,339.847229,291.108978,-1804.5,0.479789436,0
765,238.900131,463.006836,-1801.5,0.479610503,0
766,540.410706,-262.883545,-1795.5,0.479836643,0
767,275.242676,251.6772,-1498.5,0.479883641,0
768,147.814331,304.554443,-1495.5,0.479912072,0
769,-176.252274,229.741943,-1495.5,0.479086787,0
770,5.39376831,-297.502502,-1498.5,0.479842961,0
771,299.621216,-79.0691681,-1495.5,0.479483753,0
772,271.641266,-75.0571899,-1495.5,0.479783118,0
773,243.24826,-55.475853,-1495.5,0.477879673,0
774,242.951523,-57.895031,-1495.5,0.478451669,0
775,243.420868,-55.5749321,-1498.5,0.478809744,0
776,243.378815,-57.9311638,-1498.5,0.478330165,0
777,262.631073,369.938019,-1504.5,0.479999959,0
778,438.460632,-259.718719,-1501.5,0.479573727,0
779,126.683235,618.791931,-1495.5,0.479039103,0
780,-226.919708,559.753906,-1498.5,0.479834199,0
781,-457.664368,502.589996,-1498.5,0.478956282,0
782,218.512283,212.057632,-1218.5,0.479905009,0
783,87.2915955,271.169281,-1218.5,0.479323536,0
784,86.6546021,270.577667,-1215.5,0.477155715,0
785,-158.018204,350.201447,-1215.5,0.479175389,0
786,12.0161448,-243.306915,-1218.5,0.478837281,0
787,12.0458307,-242.275131,-1215.5,0.47787866,0
788,242.647995,-69.8014984,-1215.5,0.479944408,0
789,-239.499023,446.469604,-1224.5,0.479924917,0
790,344.266327,-242.06778,-1224.5,0.479991287,0
791,636.531433,143.657761,-1218.5,0.479242295,0
792,-397.448364,389.508545,-1218.5,0.479951352,0
793,187.446655,188.140717,-1060.63293,0.000111244866,0.119999997
794,182.521545,184.198318,-1035.28357,1.2308923e-05,0.119999997
795,215.491791,154.321045,-808.015076,0.000103142796,0.119999997
796,-118.014793,237.152161,-829.725098,0.00010073973,0.119999997
797,-138.08168,222.353455,-822.558044,5.14574931e-05,0.119999997
798,-115.758835,231.785568,-811.41156,8.56531915e-06,0.119999997
799,187.452744,-175.77713,-731.213379,2.28120971e-05,0.119999997
800,-82.0945969,242.989395,-725.645447,1.47027713e-05,0.119999997
801,-174.543961,195.911743,-598.130554,6.17207334e-05,0.119999997
802,-210.997299,159.302933,-563.76178,9.28487061e-05,0.119999997
803,-208.802383,157.279816,-557.915833,9.38237354e-05,0.119999997
804,249.770203,-72.1424255,-434.505249,2.31838876e-05,0.119999997
805,-196.517776,-173.570557,-173.009949,5.86761125e-05,0.119999997
806,81.33535,-252.53331,-228.723923,0.000107088912,0.119999997
807,78.6317215,-246.902603,-223.483276,9.17230136e-06,0.119999997
808,252.832306,77.8516922,-177.589722,9.5408046e-05,0.119999997
809,-14.4714317,-259.054626,-127.133537,6.30227587e-05,0.119999997
810,222.802109,-132.221603,-128.70723,5.69964541e-05,0.119999997
811,238.942917,98.4387665,-73.5857849,4.64435579e-05,0.119999997
812,-245.790192,87.3712311,-58.8698425,8.51669683e-05,0.119999997
813,-203.154587,-162.910416,40.3019218,3.00890824e-05,0.119999997
814,-256.413788,-2.26960516,127.407715,1.37302368e-05,0.119999997
815,117.250618,-234.285492,86.1613998,0.000102798127,0.119999997
816,114.354469,-229.158722,84.4720535,8.47839965e-06,0.119999997
817,252.57753,46.1324844,84.4674835,1.9210016e-05,0.119999997
818,-262.976807,-2.39069247,130.368561,0.000118215074,0.119999997
819,212.758408,-153.85231,319.706451,0.000111613394,0.119999997
820,208.571869,-149.123917,312.229584,1.33107005e-05,0.119999997
821,-87.8919754,241.554077,327.548157,2.40017689e-05,0.119999997
822,-168.504425,196.177628,268.090454,4.94234955e-05,0.119999997
823,-200.767685,164.241074,327.911224,6.19173588e-05,0.119999997
824,166.478348,-200.933258,438.313812,3.86647771e-05,0.119999997
825,142.757034,217.80983,435.97348,3.03715078e-05,0.119999997
826,-204.018433,165.349411,370.596802,6.5233522e-05,0.119999997
827,94.0116653,-240.038971,516.351074,3.61748789e-05,0.119999997
828,-217.278107,-142.472107,694.310486,6.88300788e-05,0.119999997
829,-177.043625,-185.990952,747.795654,1.96416731e-05,0.119999997
830,-59.629734,-251.648239,721.975098,4.95211898e-05,0.119999997
831,224.091705,126.346504,765.274231,2.74171252e-05,0.119999997
832,-250.675476,79.2710037,704.078308,0.000117036325,0.119999997
833,-245.304718,75.2563553,689.337036,1.64583344e-05,0.119999997
834,-186.612793,-189.480103,774.472473,0.000116787298,0.119999997
835,226.770493,127.627922,773.835876,2.70500605e-05,0.119999997
836,-83.4049454,252.355682,840.411255,0.000114296148,0.119999997
837,-81.8240509,246.112244,819.576721,1.30428853e-05,0.119999997
838,-202.974045,-157.587906,887.87677,2.2693459e-05,0.119999997
839,239.917755,94.5012817,959.952148,3.72510185e-05,0.119999997
840,212.638962,153.451508,899.075317,0.000106498075,0.119999997
841,207.442703,150.410294,879.505615,1.058418e-05,0.119999997
842,-228.099182,-124.48336,1006.11749,2.11732931e-05,0.119999997
843,229.820679,-128.490845,1002.08423,7.60768962e-05,0.119999997
844,-188.552399,187.190353,1042.57617,0.000112936519,0.119999997
845,-184.463913,182.291428,1018.73395,1.27494013e-05,0.119999997
846,282.608673,-221.86174,-1037.46997,2.19202357e-05,0.119999997
847,-123.729729,344.267181,-1044.36743,9.66814332e-05,0.119999997
848,-121.145302,338.239532,-1025.30103,2.1786962e-05,0.119999997
849,-215.448792,291.66864,-848.259827,6.04343913e-05,0.119999997
850,-280.819916,231.554108,-784.721741,7.58992683e-05,0.119999997
851,356.963043,-58.8216057,-618.091492,5.08336489e-05,0.119999997
852,126.266655,-333.91571,-316.110809,2.9977844e-05,0.119999997
853,-267.075012,-244.667145,-245.927307,5.57305393e-05,0.119999997
854,-32.694294,-358.333649,-184.533112,2.81436696e-05,0.119999997
855,315.722504,-175.737823,-186.587143,4.57597016e-05,0.119999997
856,348.584381,90.8354645,-255.274582,3.2852302e-05,0.119999997
857,341.942291,118.648636,-111.279442,8.71218581e-05,0.119999997
858,336.004303,117.830574,-109.400848,1.9027817e-05,0.119999997
859,-334.73172,131.354065,-88.0387802,6.01739266e-05,0.119999997
860,-276.107697,-230.859207,48.7868881,2.91109536e-05,0.119999997
861,-268.113159,-243.0802,36.7683372,5.22655246e-05,0.119999997
862,-104.947708,-345.13443,8.09859657,3.88185072e-05,0.119999997
863,-273.955719,-228.730347,48.8642197,2.87613675e-05,0.119999997
864,165.919388,-316.544739,109.730354,3.47014357e-05,0.119999997
865,353.648041,48.3980484,109.599815,2.94220481e-05,0.119999997
866,-359.374603,-3.7400682,170.434204,2.31264676e-05,0.119999997
867,273.581726,-237.54628,437.461151,5.70619304e-05,0.119999997
868,-101.777031,347.148376,452.86908,5.06420438e-05,0.119999997
869,-232.515259,275.024384,367.240997,3.1874024e-05,0.119999997
870,-282.878754,221.581619,446.105438,2.23861862e-05,0.119999997
871,-290.504089,209.398026,500.605682,4.30532491e-05,0.119999997
872,222.242706,-288.24234,604.858215,7.58734168e-05,0.119999997
873,212.633484,291.505219,600.02533,3.97276999e-05,0.119999997
874,109.630363,-343.125885,714.409119,6.74436596e-05,0.119999997
875,-310.954803,-181.003265,957.871948,6.26700639e-05,0.119999997
876,-325.923889,145.958191,928.177185,3.14161916e-05,0.119999997
877,-295.86908,-207.119888,1068.23608,4.37221934e-05,0.119999997
878,-91.2529984,-351.42337,1005.05084,6.57291239e-05,0.119999997
879,319.656067,166.060028,1068.48743,3.27515663e-05,0.119999997
880,496.130829,2.23695016,-877.618347,2.77168529e-05,0.119999997
881,216.483643,-456.226471,-458.923401,7.6312368e-05,0.119999997
882,212.202133,-451.277588,-452.389648,2.39808978e-05,0.119999997
883,491.83606,91.1537704,-370.673584,3.68835936e-05,0.119999997
884,-359.263123,-345.685699,-346.630768,4.81978386e-05,0.119999997
885,-70.0039368,-495.247528,-263.213379,6.15508252e-05,0.119999997
886,442.522278,-225.347229,-264.384766,3.16148544e-05,0.119999997
887,483.221619,128.058945,-161.5215,3.42872263e-05,0.119999997
888,-456.60672,204.449646,-129.667725,6.25333487e-05,0.119999997
889,-135.947723,-480.34787,3.37902212,2.85063616e-05,0.119999997
890,-405.960724,-291.981689,64.5251007,6.06124704e-05,0.119999997
891,-375.505219,-333.231354,61.554554,7.69764811e-05,0.119999997
892,-371.273895,-328.691986,60.2987289,2.54210954e-05,0.119999997
893,245.149384,-436.730804,146.714203,6.70133668e-05,0.119999997
894,499.827301,35.7905731,146.769531,6.92867397e-05,0.119999997
895,494.18103,36.6330528,145.68605,2.26237917e-05,0.119999997
896,-499.541138,-6.10410738,229.863403,3.15654215e-05,0.119999997
897,-320.204102,387.344666,504.996155,8.1204038e-05,0.119999997
898,-316.357056,382.340729,498.181519,2.87035236e-05,0.119999997
899,-97.1668167,494.819977,629.920349,7.04916747e-05,0.119999997
900,-97.8543396,488.964478,622.84906,2.38156317e-05,0.119999997
901,-402.534668,295.733856,614.223267,3.08416347e-05,0.119999997
902,-426.695831,255.537003,692.001038,3.80817546e-05,0.119999997
903,289.013123,-414.648071,833.642517,7.99669797e-05,0.119999997
904,286.319794,-408.981262,822.980042,2.87498879e-05,0.119999997
905,325.767151,383.506989,834.382996,6.16411126e-05,0.119999997
906,108.786331,-487.959625,991.366394,3.45964581e-05,0.119999997
907,333.876129,-568.564026,-611.765808,3.3996992e-05,0.119999997
908,-462.781982,-472.359863,-466.807251,6.51394002e-05,0.119999997
909,655.822327,63.0373077,-504.503632,4.98244444e-05,0.119999997
910,599.828979,-273.079926,-358.20517,3.2204829e-05,0.119999997
911,-128.383133,-644.718872,-353.391052,4.05097671e-05,0.119999997
912,603.198914,-273.951904,-360.767883,7.27148508e-05,0.119999997
913,596.841003,-272.27771,-356.458344,3.18032507e-05,0.119999997
914,653.634583,110.692238,-223.043808,5.66990566e-05,0.119999997
915,-586.619629,302.73584,-177.919647,3.89747474e-05,0.119999997
916,-149.445129,-646.503052,-1.89688444,6.051534e-05,0.119999997
917,-573.972168,-319.825592,96.7242889,3.85115964e-05,0.119999997
918,-477.618652,-451.577454,74.728241,4.00113422e-05,0.119999997
919,341.278625,-565.395813,187.387283,4.07610059e-05,0.119999997
920,664.630371,-1.52981997,189.357208,6.72525784e-05,0.119999997
921,658.772949,0.221062109,187.510132,3.03377965e-05,0.119999997
922,-656.888367,-9.4299202,297.023773,3.78261611e-05,0.119999997
923,-415.121674,515.121948,657.983887,4.80909548e-05,0.119999997
924,-59.6745491,661.92511,833.408813,6.71124435e-05,0.119999997
925,-61.6829262,655.960571,825.897522,3.0856987e-05,0.119999997
926,-545.8349,371.57428,806.944702,4.00872195e-05,0.119999997
927,-598.697571,280.365021,923.908569,6.39674618e-05,0.119999997
928,-279.521667,-109.37207,1215.5,0.479438841,0
929,-259.257812,-237.229843,1218.5,0.479888856,0
930,267.553772,-174.231094,1215.5,0.478121698,0
931,267.768188,-174.716263,1218.5,0.478580683,0
932,252.286362,29.7819595,1215.5,0.478320032,0
933,253.38797,30.1121521,1218.5,0.478489608,0
934,301.98465,130.13179,1218.5,0.47999993,0
935,296.777222,198.57872,1218.5,0.478794038,0
936,88.9630356,274.863495,1215.5,0.479379416,0
937,-108.91629,372.256897,1218.5,0.478712559,0
938,-137.650146,218.093399,1215.5,0.479831725,0
939,-216.717255,222.300491,1215.5,0.479165286,0
940,-410.087219,-209.610367,1224.5,0.479499072,0
941,-355.812347,-199.219101,1224.5,0.479985476,0
942,-118.509529,-426.828003,1221.5,0.479955316,0
943,369.785767,183.748672,1224.5,0.479086757,0
944,-407.4375,256.740356,1224.5,0.478565544,0
945,-406.921143,255.681335,1221.5,0.478498012,0
946,89.0233688,-605.437866,1218.5,0.479941249,0
947,-339.634308,-68.7460785,1495.5,0.479697049,0
948,-74.7107315,-232.580841,1498.5,0.479301095,0
949,-36.2936592,-252.853928,1498.5,0.479671866,0
950,7.77449417,-241.624329,1495.5,0.479505777,0
951,189.454422,-167.791107,1498.5,0.479526669,0
952,305.641724,-239.976318,1495.5,0.479685187,0
953,307.355072,53.4705238,1498.5,0.479997486,0
954,114.127815,338.220673,1495.5,0.479733258,0
955,-155.93512,276.396912,1498.5,0.478888959,0
956,-136.511276,228.054962,1495.5,0.479141623,0
957,-260.637939,281.846436,1498.5,0.478891045,0
958,-270.308472,39.6764374,1498.5,0.479603976,0
959,-455.4758,-157.786728,1504.5,0.478659719,0
960,-454.606873,-158.477539,1501.5,0.478434414,0
961,-300.436554,-312.140045,1501.5,0.479346186,0
962,-158.040726,-523.289124,1501.5,0.479921639,0
963,367.61203,173.124939,1501.5,0.478925556,0
964,460.227173,211.182953,1501.5,0.479328156,0
965,374.419617,233.010864,1504.5,0.478720129,0
966,373.312256,232.524963,1501.5,0.478279859,0
967,-122.609169,463.688995,1504.5,0.479768842,0
968,-514.347168,-227.228317,1495.5,0.478831083,0
969,-515.047852,-227.137207,1498.5,0.478508681,0
970,-157.431137,-521.7854,1498.5,0.47953403,0
971,-457.089996,370.768494,1495.5,0.479999661,0
972,-385.872345,-7.83822441,1798.5,0.479315072,0
973,-245.873474,-108.078339,1795.5,0.47997722,0
974,-79.7906189,-282.072083,1795.5,0.479118586,0
975,-36.3780022,-304.78775,1798.5,0.479997158,0
976,19.5103226,-290.520355,1798.5,0.478839517,0
977,234.789581,-191.473572,1795.5,0.47906813,0
978,362.843933,84.6591949,1798.5,0.478572249,0
979,-97.7589188,222.520584,1795.5,0.477991551,0
980,-143.972046,283.741608,1798.5,0.479991823,0
981,-168.880997,339.915741,1798.5,0.479991108,0
982,-97.8676605,223.35614,1798.5,0.478686601,0
983,-197.597565,149.604126,1798.5,0.479968756,0
984,-325.988312,44.0164413,1798.5,0.479223549,0
985,-285.962952,20.5749168,1795.5,0.47991097,0
986,-256.825073,19.6808376,1795.5,0.479839891,0
987,-537.928406,-83.4896317,1801.5,0.479901969,0
988,-333.302368,-394.216248,1801.5,0.479640424,0
989,332.988007,-320.048462,1801.5,0.479371011,0
990,434.578857,224.739868,1804.5,0.479635268,0
991,458.411835,263.489136,1804.5,0.479865521,0
992,143.976227,408.140656,1804.5,0.478630126,0
993,143.520798,407.054932,1801.5,0.478367865,0
994,-303.359833,347.719574,1804.5,0.47993201,0
995,-630.330994,-232.205261,1795.5,0.479912132,0
996,-204.061523,-622.265015,1795.5,0.478823602,0
997,-204.482422,-622.977661,1798.5,0.478537232,0
998,558.328613,233.776276,1795.5,0.479569763,0
999,-131.412033,557.911316,1795.5,0.479556382,0
1000,-293.319275,-132.477234,2145.5,0.479862213,0
1001,-147.872223,-228.258224,2148.5,0.479977041,0
1002,-80.7713013,-341.58078,2145.5,0.47999987,0
1003,-33.4249001,-366.66394,2148.5,0.479690611,0
1004,37.3732719,-345.101227,2148.5,0.479965627,0
1005,290.709167,-215.02597,2145.5,0.4799954,0
1006,-80.5300751,269.288239,2148.5,0.478401303,0
1007,-141.583923,346.301666,2145.5,0.479271919,0
1008,-81.0051041,269.785126,2145.5,0.478428781,0
1009,-194.036209,176.815857,2145.5,0.479856789,0
1010,-248.098923,149.146133,2145.5,0.479850799,0
1011,-390.073547,47.1031494,2148.5,0.478589267,0
1012,-303.154053,18.099577,2145.5,0.479998976,0
1013,-344.476074,26.6569233,2145.5,0.47982654,0
1014,343.969299,-417.236328,2154.5,0.479241312,0
1015,422.575806,129.098801,2154.5,0.479877681,0
1016,179.616089,485.518097,2154.5,0.479296952,0
1017,-175.217987,416.228027,2151.5,0.479984194,0
1018,-391.001282,47.1140785,2154.5,0.478882283,0
1019,-360.643585,-494.668762,2148.5,0.478772044,0
1020,-360.196564,-493.281555,2145.5,0.478568852,0
1021,557.623962,290.709839,2148.5,0.479958385,0
1022,504.157104,288.468536,2148.5,0.478878051,0
1023,503.549377,287.810272,2145.5,0.478464752,0
1024,-135.217361,671.692139,2148.5,0.479174525,0
1025,-347.371826,425.15451,2145.5,0.47999087,0
1026,-346.505829,-161.533371,2545.5,0.479598701,0
1027,-161.365173,-278.850769,2548.5,0.478439212,0
1028,-161.033218,-278.057648,2545.5,0.478309304,0
1029,235.983765,-104.471367,2545.5,0.479956597,0
1030,242.051468,84.8746414,2545.5,0.478973538,0
1031,214.884644,119.091675,2545.5,0.479853213,0
1032,-1.03451538,249.345673,2548.5,0.479991764,0
1033,-43.8873787,315.419708,2545.5,0.479770899,0
1034,-123.498184,238.307938,2548.5,0.479922891,0
1035,-232.585297,208.371216,2545.5,0.479682744,0
1036,-354.514923,11.7150087,2545.5,0.479697913,0
1037,-75.3017197,-409.667603,2554.5,0.479913116,0
1038,-25.4703693,-436.466278,2551.5,0.479997694,0
1039,63.4109535,-406.630646,2551.5,0.479911566,0
1040,356.567474,-235.694351,2554.5,0.479479045,0
1041,480.825989,187.882874,2551.5,0.479805171,0
1042,-126.1726,418.910553,2554.5,0.479930609,0
1043,-170.671921,503.519989,2554.5,0.47897613,0
1044,-410.89505,34.7669182,2551.5,0.479617059,0
1045,-463.40509,48.3821945,2551.5,0.478903085,0
1046,327.483734,-523.235474,2548.5,0.479866326,0
1047,578.24115,371.039398,2545.5,0.479985744,0
1048,221.96376,569.522095,2545.5,0.479987532,0
1049,-392.144073,518.660095,2545.5,0.479470193,0
1050,-168.69191,-328.560944,2945.5,0.479962051,0
1051,267.589874,-130.966156,2945.5,0.47890389,0
1052,282.961121,84.1582413,2945.5,0.47999844,0
1053,238.279343,152.180511,2945.5,0.479042977,0
1054,36.2610931,272.310394,2945.5,0.479877263,0
1055,-14.8248482,286.716797,2948.5,0.478725851,0
1056,-14.6714916,286.89151,2945.5,0.47796768,0
1057,-80.9472961,228.905975,2945.5,0.479959875,0
1058,-149.766312,270.701874,2948.5,0.479239047,0
1059,-270.932373,238.543518,2945.5,0.479434758,0
1060,-405.67453,1.16634595,2954.5,0.478339881,0
1061,-399.243347,-192.287491,2951.5,0.47849524,0
1062,-400.052521,-192.775589,2954.5,0.478510678,0
1063,-63.6662254,-476.879852,2954.5,0.47939533,0
1064,-12.7962265,-504.55542,2951.5,0.479548454,0
1065,94.5273285,-464.786774,2951.5,0.479500324,0
1066,422.382538,-248.890015,2951.5,0.47963658,0
1067,-98.1395035,486.203064,2951.5,0.479544669,0
1068,-538.600891,47.4336777,2951.5,0.479518682,0
1069,-476.65979,44.3099403,2951.5,0.479360402,0
1070,-405.256012,1.30345452,2951.5,0.478664815,0
1071,529.384949,255.260117,2948.5,0.479769856,0
1072,-154.656998,585.414001,2945.5,0.479994088,0
1073,907.308899,-118.887444,-2955.5,38.7484474,0
1074,906.443176,-119.813179,-2952.5,38.6974182,0
1075,27.1392651,901.852356,-2544.5,38.831398,0
1076,794.172668,-197.364822,-2547.5,38.7933388,0
1077,31.0817223,905.444214,-2555.5,38.8342438,0
1078,-102.587418,793.85553,-2147.5,38.7255936,0
1079,-104.492081,801.394836,-2144.5,38.7073402,0
1080,595.250122,-619.544861,-2144.5,38.7997398,0
1081,-543.17334,785.661926,-2152.5,38.8586884,0
1082,696.211487,473.069183,-1797.5,38.8776474,0
1083,-503.779358,625.520996,-1794.5,38.8116684,0
1084,824.272461,-584.300049,-1802.5,38.7783165,0
1085,702.36261,298.395386,-1497.5,38.6646881,0
1086,696.794861,295.05069,-1494.5,38.7511635,0
1087,485.273285,-667.320068,-777.246277,0.000148164268,9.72000027
1088,-558.683899,-604.627502,-585.400146,0.000126857063,9.72000027
1089,824.447998,-3.3636868,-640.972778,0.000140770368,9.72000027
1090,818.508545,-0.269892603,-644.408447,7.2827992e-05,9.72000027
1091,-206.966309,-792.635254,-444.832703,8.09238845e-05,9.72000027
1092,763.240967,-307.287903,-450.550293,0.000121752455,9.72000027
1093,-404.337189,717.475769,-454.370331,0.000130701563,9.72000027
1094,815.937439,63.6681023,-286.41925,0.00010624835,9.72000027
1095,-708.936218,419.145569,-231.881012,0.000130794753,9.72000027
1096,-136.177811,-812.427124,-10.4862299,0.000132918503,9.72000027
1097,-756.051147,-313.809021,127.305954,0.00010822327,9.72000027
1098,-574.092529,-580.009949,87.8922577,7.93701765e-05,9.72000027
1099,449.486389,-691.885986,233.451736,0.000147740866,9.72000027
1100,444.948486,-686.90564,229.198868,7.18553856e-05,9.72000027
1101,819.690674,-61.3454094,232.830322,0.000112706104,9.72000027
1102,-820.222534,-13.5017042,367.701355,9.38382072e-05,9.72000027
1103,-508.140839,647.298584,812.657715,0.000123410136,9.72000027
1104,18.2978077,821.789368,1049.07495,0.000112820155,9.72000027
1105,-693.872131,437.038361,1000.80151,9.04355184e-05,9.72000027
1106,696.455444,-744.687988,-985.800232,8.98053186e-05,9.72000027
1107,1013.91931,-137.087952,-827.453125,0.00012226963,9.72000027
1108,-665.265137,-774.068115,-729.056763,0.000127089166,9.72000027
1109,-333.519684,-968.987915,-570.818604,0.000137179755,9.72000027
1110,-329.41684,-963.993835,-571.993469,8.15863314e-05,9.72000027
1111,964.325317,-328.747742,-564.335205,8.24905219e-05,9.72000027
1112,-523.432617,880.926025,-574.051941,0.000136466857,9.72000027
1113,-327.431519,-961.667053,-570.159485,8.29677811e-05,9.72000027
1114,961.114685,-328.546356,-567.452576,8.14553132e-05,9.72000027
1115,1021.75879,-52.9752998,-365.541656,0.000122143712,9.72000027
1116,-837.305664,578.495972,-287.560059,9.99255135e-05,9.72000027
1117,-83.0226898,-1015.29138,-17.070034,8.11761856e-05,9.72000027
1118,-683.977539,-751.734558,103.429771,8.71470329e-05,9.72000027
1119,-993.718628,-249.53006,179.537247,0.00013526548,9.72000027
1120,-987.095703,-252.329605,177.412766,8.26253308e-05,9.72000027
1121,589.694092,-833.664551,278.680786,0.000131465742,9.72000027
1122,1006.42981,-172.618469,286.975922,0.000131296983,9.72000027
1123,1001.1983,-168.786865,284.872345,7.78070025e-05,9.72000027
1124,-1021.07568,-19.526083,456.190704,0.000105008075,9.72000027
1125,-618.784546,814.541626,1005.49841,0.000120244127,9.72000027
1126,-812.749207,258.735748,1214.5,38.8658981,0
1127,113.684509,935.752747,1225.5,38.8791161,0
1128,-873.433716,501.45874,1222.5,38.8037186,0
1129,413.975067,-803.917664,1494.5,38.8682518,0
1130,700.821655,536.151367,1497.5,38.7209663,0
1131,701.585022,537.611755,1494.5,38.7103539,0
1132,414.452484,-809.164368,1505.5,38.8466454,0
1133,709.339722,539.613159,1505.5,38.8152618,0
1134,-37.9765778,-880.750732,1794.5,38.8605728,0
1135,-41.1726646,-885.706543,1805.5,38.7961769,0
1136,-768.370667,-219.835022,2147.5,38.7882957,0
1137,-264.118805,-735.80719,2144.5,38.8682632,0
1138,-483.226868,669.394165,2147.5,38.8290329,0
1139,812.095947,260.066071,2547.5,38.8683281,0
1140,-130.762436,801.222168,2544.5,38.8335533,0
1141,-915.874023,-179.607101,2552.5,38.8789711,0
1142,-343.490662,-867.550903,2552.5,38.8800011,0
1143,-419.200897,840.243408,2552.5,38.8181915,0
1144,-376.671539,-737.127075,2947.5,38.872097,0
1145,788.350586,319.251892,2947.5,38.7514915,0
1146,643.968201,461.420441,2947.5,38.8384895,0
1147,-430.842743,616.723145,2947.5,38.8632851,0
1148,953.994507,252.505249,2955.5,38.6884499,0
1149,950.186157,251.882416,2952.5,38.7623863,0
1150,-115.654625,938.062195,2955.5,38.8796539,0
